env,gid,value
1_PI_LN,L001xL002,6.497438840179088
1_PI_LN,L001xL003,3.92981641383122
1_PI_LN,L001xL005,3.904055490325492
1_PI_LN,L001xL014C,3.8119182198312207
1_PI_LN,L001xL023,3.7684699438312204
1_PI_LN,L001xL034,5.38945516583122
1_PI_LN,L001xL038,6.49530081483122
1_PI_LN,L001xL039,6.367465630630557
1_PI_LN,L001xL046,6.18078521483122
1_PI_LN,L001xL056,6.00188537883122
1_PI_LN,L002xL003,3.7677283566305566
1_PI_LN,L002xL008,3.9372905895658636
1_PI_LN,L002xL010,4.629719056277935
1_PI_LN,L002xL014,5.023266251785833
1_PI_LN,L002xL014C,0.2936666094402709
1_PI_LN,L002xL015,4.701278394521482
1_PI_LN,L002xL016,3.387666711037186
1_PI_LN,L002xL017,2.3671250367858327
1_PI_LN,L002xL019,6.105301209440271
1_PI_LN,L002xL022,3.2581123793898557
1_PI_LN,L002xL023,2.5033709149037344
1_PI_LN,L002xL029,4.5322964565214825
1_PI_LN,L002xL031,4.846002969924489
1_PI_LN,L002xL034,0.9014923178732871
1_PI_LN,L002xL038,4.739692753903735
1_PI_LN,L002xL041,3.575237756325492
1_PI_LN,L002xL045,4.899642968115248
1_PI_LN,L002xL056,4.453062354611352
1_PI_LN,L003xL005,2.752541571099094
1_PI_LN,L003xL006,3.8228062840371866
1_PI_LN,L003xL007,3.7800942494709173
1_PI_LN,L003xL008,4.398746354897141
1_PI_LN,L003xL010,3.8994727502779347
1_PI_LN,L003xL011,4.042175573785652
1_PI_LN,L003xL013,3.712437528423185
1_PI_LN,L003xL014B,4.840275546251648
1_PI_LN,L003xL015,3.7060673678732874
1_PI_LN,L003xL023,2.9486656784709173
1_PI_LN,L003xL026,1.3754348003254921
1_PI_LN,L003xL028,3.4979963763254918
1_PI_LN,L003xL029,4.015428698317075
1_PI_LN,L003xL031,3.544895232788268
1_PI_LN,L003xL034,5.4921429018732875
1_PI_LN,L003xL039,4.087546483924489
1_PI_LN,L003xL041,4.10946260784776
1_PI_LN,L003xL042,4.761832197924488
1_PI_LN,L003xL043,3.7363325261771303
1_PI_LN,L003xL044,4.689702846831517
1_PI_LN,L003xL045,1.3335103114351017
1_PI_LN,L003xL047,1.1731470756305566
1_PI_LN,L003xL048,2.323087445179089
1_PI_LN,L003xL049,3.5245895358732873
1_PI_LN,L003xL056,5.833092223957511
1_PI_LN,L005xL006,3.411520652317075
1_PI_LN,L005xL007,3.4404933323898557
1_PI_LN,L005xL008,3.4652915731152474
1_PI_LN,L005xL014C,4.038929076251647
1_PI_LN,L005xL015,2.4740522440990946
1_PI_LN,L005xL017,5.923868764317075
1_PI_LN,L005xL024,3.4482886970990947
1_PI_LN,L005xL035,2.660620373251647
1_PI_LN,L005xL038,4.286367515099094
1_PI_LN,L005xL039,4.063616696115247
1_PI_LN,L005xL041,2.2072291751152475
1_PI_LN,L005xL044,3.504061025957511
1_PI_LN,L005xL045,3.5320461033170747
1_PI_LN,L005xL046,4.608949046565863
1_PI_LN,L005xL047,2.5757020821152476
1_PI_LN,L005xL048,2.9280916382516473
1_PI_LN,L005xL055,2.831417347957511
1_PI_LN,L005xL056,3.200012820251647
1_PI_LN,L006xL007,5.5089612444709175
1_PI_LN,L006xL007B,4.019078508392673
1_PI_LN,L006xL011,5.389314101100771
1_PI_LN,L006xL013,4.631649351423185
1_PI_LN,L006xL014C,2.401673983205168
1_PI_LN,L006xL015,4.0442972144535565
1_PI_LN,L006xL016,4.837782202642785
1_PI_LN,L006xL018,6.019435284685777
1_PI_LN,L006xL022,5.557376959115247
1_PI_LN,L006xL023,5.5989054154709175
1_PI_LN,L006xL025,4.45717273583122
1_PI_LN,L006xL026,4.676617066325492
1_PI_LN,L006xL029,4.536861600825981
1_PI_LN,L006xL031,3.919549215654148
1_PI_LN,L006xL033,4.457896396277935
1_PI_LN,L006xL034,6.148848180521482
1_PI_LN,L006xL037,4.718837788364951
1_PI_LN,L006xL038,3.7396043248315176
1_PI_LN,L006xL039,7.384447807825982
1_PI_LN,L006xL041,4.227821288957511
1_PI_LN,L006xL042,3.0803760700371865
1_PI_LN,L006xL049,4.9790693242175825
1_PI_LN,L006xL054,4.940617532317075
1_PI_LN,L006xL058,4.469302010785652
1_PI_LN,L007xL008,4.349634626009893
1_PI_LN,L007xL010,5.259435284685777
1_PI_LN,L007xL011,5.076907274897141
1_PI_LN,L007xL012,4.276998708364951
1_PI_LN,L007xL014B,4.9504322142175825
1_PI_LN,L007xL015,2.9590311485658636
1_PI_LN,L007xL017,5.775119026009893
1_PI_LN,L007xL019,5.179860470873288
1_PI_LN,L007xL027,5.3335878066113525
1_PI_LN,L007xL031,3.790624390179089
1_PI_LN,L007xL033,6.857394447217582
1_PI_LN,L007xL034,5.255318599037186
1_PI_LN,L007xL037,3.8912101864535567
1_PI_LN,L007xL038,3.8727380740098933
1_PI_LN,L007xL044,5.135692167897141
1_PI_LN,L007xL046,4.627568189037186
1_PI_LN,L007xL048,3.3588134614709175
1_PI_LN,L007xL049,4.7653583232175825
1_PI_LN,L007xL058,3.783979012217582
1_PI_LN,L008xL011,2.949063680661694
1_PI_LN,L008xL012,3.587283021161843
1_PI_LN,L008xL013,3.6056478192648207
1_PI_LN,L008xL014C,2.7567694051152474
1_PI_LN,L008xL015,3.9505369514535564
1_PI_LN,L008xL016,4.1758435378259815
1_PI_LN,L008xL017,6.758491291788268
1_PI_LN,L008xL018,3.165449973831518
1_PI_LN,L008xL023,3.937818056788268
1_PI_LN,L008xL024,3.678481708161843
1_PI_LN,L008xL025,3.373982529161843
1_PI_LN,L008xL026,3.136872512161843
1_PI_LN,L008xL027,4.9752633171618434
1_PI_LN,L008xL029,4.124368233179088
1_PI_LN,L008xL032,3.921017703661694
1_PI_LN,L008xL033,2.8640646311618427
1_PI_LN,L008xL034,3.6307057166616943
1_PI_LN,L008xL035,2.890107324161843
1_PI_LN,L008xL037,3.7899832216616938
1_PI_LN,L008xL039,4.070764138161843
1_PI_LN,L008xL041,2.778645911161843
1_PI_LN,L008xL042,3.519567686186459
1_PI_LN,L008xL043,4.868011184392673
1_PI_LN,L008xL045,3.8693185126113523
1_PI_LN,L008xL046,4.153924883179088
1_PI_LN,L008xL047,2.472586798161843
1_PI_LN,L008xL049,3.2517012763170747
1_PI_LN,L010xL007B,4.466184742177131
1_PI_LN,L010xL011,3.7622486962051678
1_PI_LN,L010xL013,5.102219587391723
1_PI_LN,L010xL014,4.302313673037187
1_PI_LN,L010xL014C,2.2092488801152474
1_PI_LN,L010xL019,3.9305870070098936
1_PI_LN,L010xL022,3.040321984685776
1_PI_LN,L010xL023,5.251476245831517
1_PI_LN,L010xL027,4.200453347685777
1_PI_LN,L010xL029,4.384350502205168
1_PI_LN,L010xL034,4.3595837571771305
1_PI_LN,L010xL038,3.629555063831518
1_PI_LN,L010xL039,4.277781664831519
1_PI_LN,L010xL041,4.219827543611352
1_PI_LN,L010xL042,2.303824543785833
1_PI_LN,L010xL043,3.1564638881771305
1_PI_LN,L010xL045,4.936254359277934
1_PI_LN,L010xL046,3.838947510831518
1_PI_LN,L010xL048,3.6524382997856515
1_PI_LN,L010xL049,5.190162405277935
1_PI_LN,L010xL055,5.81674798326482
1_PI_LN,L010xL056,5.229384111785651
1_PI_LN,L010xL058,5.658860925397873
1_PI_LN,L011xL012,3.2126211883978724
1_PI_LN,L011xL013,3.7340726661790886
1_PI_LN,L011xL015,4.456768945100771
1_PI_LN,L011xL016,3.3851559425658637
1_PI_LN,L011xL018,4.671849078685777
1_PI_LN,L011xL022,2.982780237957511
1_PI_LN,L011xL023,1.7868780208259811
1_PI_LN,L011xL024,4.558582928453557
1_PI_LN,L011xL029,3.6506779759037347
1_PI_LN,L011xL033,3.601905483389856
1_PI_LN,L011xL037,4.247092702205168
1_PI_LN,L011xL038,2.0147946945658637
1_PI_LN,L011xL043,2.7541624367856516
1_PI_LN,L011xL046,6.068658815217582
1_PI_LN,L011xL048,3.537437375642785
1_PI_LN,L011xL049,5.951548254903734
1_PI_LN,L011xL056,1.908098994100771
1_PI_LN,L011xL058,4.143990869389856
1_PI_LN,L012xL007B,4.042197760440271
1_PI_LN,L012xL013,5.369580386423185
1_PI_LN,L012xL018,4.262921237831518
1_PI_LN,L012xL029,6.6454783313978725
1_PI_LN,L012xL033,4.786200827397872
1_PI_LN,L012xL037,4.166522517364951
1_PI_LN,L012xL041,3.4820139711771305
1_PI_LN,L012xL042,3.6663012920098934
1_PI_LN,L012xL046,2.2570091005214827
1_PI_LN,L012xL048,6.083615318391723
1_PI_LN,L012xL058,1.9376226813649515
1_PI_LN,L013xL015,2.9959744434402706
1_PI_LN,L013xL019,4.174506494423185
1_PI_LN,L013xL023,4.710135842847761
1_PI_LN,L013xL024,4.067511420423186
1_PI_LN,L013xL029,4.223057026391722
1_PI_LN,L013xL031,2.9158858044231852
1_PI_LN,L013xL032,5.171386625423185
1_PI_LN,L013xL033,5.054908639642785
1_PI_LN,L013xL034,4.315885804423186
1_PI_LN,L013xL035,5.408418011630557
1_PI_LN,L013xL037,4.560138678423185
1_PI_LN,L013xL038,4.505738021423185
1_PI_LN,L013xL039,3.6455871391152477
1_PI_LN,L013xL044,5.7959186454231855
1_PI_LN,L013xL045,4.143472011423185
1_PI_LN,L013xL046,3.081846395423185
1_PI_LN,L013xL047,2.9439646224231852
1_PI_LN,L013xL048,6.855193313847761
1_PI_LN,L013xL054,4.530621406440271
1_PI_LN,L013xL055,5.475820123423185
1_PI_LN,L014xL016,4.927631342009893
1_PI_LN,L014xL017,3.6744699723649514
1_PI_LN,L014xL018,6.843660153831518
1_PI_LN,L014xL023,3.3497454416113523
1_PI_LN,L014xL026,3.8771963351152476
1_PI_LN,L014xL029,1.902920713825981
1_PI_LN,L014xL032,7.378517894470916
1_PI_LN,L014xL034,5.438074545470917
1_PI_LN,L014xL037,1.1671741000371862
1_PI_LN,L014xL038,2.6271878454709174
1_PI_LN,L014xL044,3.984455113957511
1_PI_LN,L014xL045,3.456720407847761
1_PI_LN,L014xL046,1.0464653494709175
1_PI_LN,L014xL047,1.7962704678259813
1_PI_LN,L014xL055,1.1590584056305568
1_PI_LN,L014xL056,5.587617450037186
1_PI_LN,L014xL058,3.5791021652175825
1_PI_LN,L015xL007B,4.249937952364951
1_PI_LN,L015xL016,3.5677429756541477
1_PI_LN,L015xL017,0.09435345044027096
1_PI_LN,L015xL018,4.495433341277935
1_PI_LN,L015xL023,1.406002969924488
1_PI_LN,L015xL025,3.324739061685776
1_PI_LN,L015xL028,5.142753700453557
1_PI_LN,L015xL029,4.452779781903734
1_PI_LN,L015xL031,3.6094334556113523
1_PI_LN,L015xL033,3.8519906201007714
1_PI_LN,L015xL037,3.060430686100771
1_PI_LN,L015xL041,3.5268517708477614
1_PI_LN,L015xL042,2.2580542318732872
1_PI_LN,L015xL043,4.337767552389856
1_PI_LN,L015xL044,3.345005816521483
1_PI_LN,L015xL045,4.3323103504535565
1_PI_LN,L015xL046,3.3348215163978723
1_PI_LN,L015xL047,1.7092225091771305
1_PI_LN,L015xL049,4.590357662099095
1_PI_LN,L015xL055,1.2947451453254921
1_PI_LN,L015xL056,5.448751159205169
1_PI_LN,L015xL058,2.7291667781152475
1_PI_LN,L016xL014C,4.858740372903735
1_PI_LN,L016xL017,4.2941432162175825
1_PI_LN,L016xL019,2.1545184383917233
1_PI_LN,L016xL025,3.911220392217582
1_PI_LN,L016xL026,5.5237870343978726
1_PI_LN,L016xL031,4.317094317389856
1_PI_LN,L016xL032,7.816977056037186
1_PI_LN,L016xL034,4.760228287037187
1_PI_LN,L016xL038,5.356986739785651
1_PI_LN,L016xL042,2.7241432162175823
1_PI_LN,L016xL043,4.499043346470917
1_PI_LN,L016xL045,6.635138524642785
1_PI_LN,L016xL046,2.812506245397872
1_PI_LN,L016xL047,5.163331735037186
1_PI_LN,L016xL049,6.265970570317076
1_PI_LN,L016xL055,5.934006517565863
1_PI_LN,L016xL056,5.790744201217582
1_PI_LN,L017xL014C,1.3482376371864593
1_PI_LN,L017xL018,4.2410819462779346
1_PI_LN,L017xL023,5.661806656179088
1_PI_LN,L017xL029,3.4800279204535567
1_PI_LN,L017xL032,5.288567156470917
1_PI_LN,L017xL034,3.2323345303917232
1_PI_LN,L017xL037,3.6338952593649516
1_PI_LN,L017xL043,4.642856784661694
1_PI_LN,L017xL045,6.860237970785652
1_PI_LN,L017xL046,2.2885021472516476
1_PI_LN,L017xL047,2.5613264640990945
1_PI_LN,L017xL048,3.9850369250098936
1_PI_LN,L017xL049,2.7770378933170745
1_PI_LN,L017xL055,2.8487556863649512
1_PI_LN,L017xL056,3.032789067521483
1_PI_LN,L018xL007B,4.238241223277935
1_PI_LN,L018xL014B,5.5655765006857765
1_PI_LN,L018xL024,5.633489284611352
1_PI_LN,L018xL025,2.9848608441790887
1_PI_LN,L018xL027,8.698138429397872
1_PI_LN,L018xL032,4.5257735446857765
1_PI_LN,L018xL033,2.761077321685776
1_PI_LN,L018xL038,5.374201814277935
1_PI_LN,L018xL039,5.6367095046857765
1_PI_LN,L018xL041,7.93523513283122
1_PI_LN,L018xL044,4.641110161685776
1_PI_LN,L018xL046,6.695105145831517
1_PI_LN,L018xL055,7.529308758831519
1_PI_LN,L018xL056,6.815691442685776
1_PI_LN,L019xL014B,1.549681130924488
1_PI_LN,L019xL024,5.663728143389856
1_PI_LN,L019xL027,1.7271742977858324
1_PI_LN,L019xL028,2.4225205698732872
1_PI_LN,L019xL029,2.951321883873287
1_PI_LN,L019xL031,4.312376031453557
1_PI_LN,L019xL032,10.478043869825981
1_PI_LN,L019xL034,4.791951912825981
1_PI_LN,L019xL035,4.941995665161842
1_PI_LN,L019xL045,6.110300045847761
1_PI_LN,L019xL058,2.823705303897141
1_PI_LN,L022xL033,3.8171306531152474
1_PI_LN,L022xL044,3.6471136503649513
1_PI_LN,L023xL007B,6.29809445326482
1_PI_LN,L023xL014C,4.262274177611352
1_PI_LN,L023xL024,2.289223322453557
1_PI_LN,L023xL025,2.866652211788268
1_PI_LN,L023xL026,5.0987075319037345
1_PI_LN,L023xL027,5.337334203897141
1_PI_LN,L023xL028,5.022770120453557
1_PI_LN,L023xL029,4.368058271009893
1_PI_LN,L023xL031,6.110901522037186
1_PI_LN,L023xL032,5.396992963825981
1_PI_LN,L023xL033,3.9147554816857766
1_PI_LN,L023xL034,3.805484061325492
1_PI_LN,L023xL035,4.516401373440271
1_PI_LN,L023xL038,4.964343328435102
1_PI_LN,L023xL042,4.078125684521483
1_PI_LN,L023xL043,3.9904704571771306
1_PI_LN,L023xL045,6.399871476391723
1_PI_LN,L023xL046,3.0598151034709176
1_PI_LN,L023xL047,4.589618059470917
1_PI_LN,L023xL048,3.5994108317882683
1_PI_LN,L023xL054,2.6112633196427852
1_PI_LN,L023xL055,4.404678909205168
1_PI_LN,L023xL056,3.7598347476427847
1_PI_LN,L024xL007B,4.609790169364951
1_PI_LN,L024xL014B,4.4831367061790885
1_PI_LN,L024xL014C,3.462167148325492
1_PI_LN,L024xL025,6.203433820788268
1_PI_LN,L024xL026,3.748098994100771
1_PI_LN,L024xL027,4.07839001926482
1_PI_LN,L024xL028,3.5258392073170746
1_PI_LN,L024xL032,4.897076836325492
1_PI_LN,L024xL033,3.1947765272779347
1_PI_LN,L024xL034,2.6966583317856516
1_PI_LN,L024xL037,3.501654856251647
1_PI_LN,L024xL038,3.5227952181007716
1_PI_LN,L024xL039,3.6663537862051685
1_PI_LN,L024xL044,2.716532909521483
1_PI_LN,L024xL046,5.124317661205168
1_PI_LN,L024xL048,3.9284612269037344
1_PI_LN,L024xL049,5.066228512957512
1_PI_LN,L024xL055,5.587405532565864
1_PI_LN,L024xL056,3.3859807681007714
1_PI_LN,L024xL058,1.7264864591790887
1_PI_LN,L025xL014B,3.222941209788268
1_PI_LN,L025xL028,3.376668631788268
1_PI_LN,L025xL029,3.6209329978312206
1_PI_LN,L025xL033,1.9554434924351018
1_PI_LN,L025xL035,2.8769428508312207
1_PI_LN,L025xL041,2.2634945748312205
1_PI_LN,L025xL046,4.095494398685776
1_PI_LN,L025xL047,1.498934641788268
1_PI_LN,L025xL049,2.6044305348312204
1_PI_LN,L025xL055,1.3500462988312205
1_PI_LN,L025xL056,4.957285006630557
1_PI_LN,L026xL007B,4.096222423205168
1_PI_LN,L026xL028,3.8504809309037347
1_PI_LN,L026xL029,3.2522788450990943
1_PI_LN,L026xL031,3.3119832780990945
1_PI_LN,L026xL033,3.349323180099095
1_PI_LN,L026xL035,3.3974924259037342
1_PI_LN,L026xL037,4.7032010772051684
1_PI_LN,L026xL038,4.415727121099095
1_PI_LN,L026xL039,3.5889866789037344
1_PI_LN,L026xL044,2.5808038122648207
1_PI_LN,L026xL045,4.2649729755214825
1_PI_LN,L026xL046,5.634979586115247
1_PI_LN,L026xL048,2.896025223642785
1_PI_LN,L026xL049,5.4836296213898565
1_PI_LN,L027xL031,3.024343960654148
1_PI_LN,L027xL032,4.110683585397872
1_PI_LN,L027xL034,5.275874889251647
1_PI_LN,L027xL035,3.4282093952648207
1_PI_LN,L027xL037,3.2967201441152474
1_PI_LN,L027xL038,5.006467824277935
1_PI_LN,L027xL042,6.249516926924488
1_PI_LN,L027xL048,4.587169999897141
1_PI_LN,L027xL049,4.791809874364951
1_PI_LN,L027xL054,3.795152393251647
1_PI_LN,L027xL055,4.167580137397873
1_PI_LN,L027xL056,5.204329277897141
1_PI_LN,L028xL034,3.4179096934535567
1_PI_LN,L028xL042,5.487288246521483
1_PI_LN,L028xL045,3.657075224392673
1_PI_LN,L028xL049,3.9915863333170747
1_PI_LN,L028xL054,2.710829103785652
1_PI_LN,L028xL055,3.2885829284535566
1_PI_LN,L029xL007B,6.9370033288732875
1_PI_LN,L029xL014B,4.578686032325492
1_PI_LN,L029xL014C,3.0984364800990942
1_PI_LN,L029xL033,2.2375781394351018
1_PI_LN,L029xL034,2.7490513751007715
1_PI_LN,L029xL035,4.115601308788268
1_PI_LN,L029xL038,3.8547110568315177
1_PI_LN,L029xL039,4.886808751897141
1_PI_LN,L029xL041,4.458881463392673
1_PI_LN,L029xL042,2.4027734430371863
1_PI_LN,L029xL043,4.646994715661694
1_PI_LN,L029xL047,2.852736502897141
1_PI_LN,L029xL048,4.85097399795751
1_PI_LN,L031xL032,5.204070849785833
1_PI_LN,L031xL034,2.2186408661007713
1_PI_LN,L031xL035,3.766035074161843
1_PI_LN,L031xL039,5.845925639825981
1_PI_LN,L031xL042,3.658313443903735
1_PI_LN,L031xL049,3.594416738325492
1_PI_LN,L031xL058,1.648454888037186
1_PI_LN,L032xL007B,5.781440071453557
1_PI_LN,L032xL014B,4.995485122389856
1_PI_LN,L032xL014C,3.8566788144709174
1_PI_LN,L032xL033,2.9400083524351017
1_PI_LN,L032xL034,3.4365645590990948
1_PI_LN,L032xL035,4.652889625661694
1_PI_LN,L032xL037,4.849171546654148
1_PI_LN,L032xL038,5.233364063825981
1_PI_LN,L032xL039,5.296565576440271
1_PI_LN,L032xL042,3.1013226146541477
1_PI_LN,L032xL043,5.928587509325492
1_PI_LN,L032xL044,5.088900253179088
1_PI_LN,L032xL045,4.364940417825981
1_PI_LN,L032xL046,4.225502785788268
1_PI_LN,L032xL047,3.950687261521483
1_PI_LN,L032xL049,2.8954965484709176
1_PI_LN,L032xL058,3.6157179203649514
1_PI_LN,L033xL007B,3.5921429994351017
1_PI_LN,L033xL034,4.213369930100771
1_PI_LN,L033xL035,3.800583514161843
1_PI_LN,L033xL037,6.008924609435102
1_PI_LN,L033xL038,2.2921843251790888
1_PI_LN,L033xL041,2.521383789847761
1_PI_LN,L033xL043,4.003620832435102
1_PI_LN,L033xL046,5.6517598173917225
1_PI_LN,L033xL047,2.9322274351771305
1_PI_LN,L033xL048,3.7425863494351015
1_PI_LN,L033xL049,4.788898249831519
1_PI_LN,L033xL054,4.414983722435101
1_PI_LN,L033xL056,4.383982080435102
1_PI_LN,L034xL007B,4.833146640397873
1_PI_LN,L034xL014C,2.722983585453557
1_PI_LN,L034xL038,3.9384645717856515
1_PI_LN,L034xL039,4.7561404302648205
1_PI_LN,L034xL042,3.474917855611352
1_PI_LN,L034xL043,4.833641735099095
1_PI_LN,L034xL044,5.074763869788268
1_PI_LN,L034xL045,4.9585423441007705
1_PI_LN,L034xL046,3.9177290694535563
1_PI_LN,L034xL047,4.291952622785832
1_PI_LN,L034xL048,4.309839553100772
1_PI_LN,L034xL049,4.263259485873287
1_PI_LN,L034xL055,1.8772577495658633
1_PI_LN,L034xL058,2.989666209186459
1_PI_LN,L035xL007B,4.831160147897141
1_PI_LN,L035xL014B,4.913982080435102
1_PI_LN,L035xL014C,4.259506340642785
1_PI_LN,L035xL037,3.722334530391723
1_PI_LN,L035xL038,2.796528880685776
1_PI_LN,L035xL041,3.9285594878477608
1_PI_LN,L035xL045,4.641503054161843
1_PI_LN,L035xL046,3.6563707416616937
1_PI_LN,L035xL047,3.4743925894351015
1_PI_LN,L035xL056,3.517535897642785
1_PI_LN,L035xL058,1.5302894973978725
1_PI_LN,L037xL007B,4.845002476177131
1_PI_LN,L037xL038,3.2016745186616937
1_PI_LN,L037xL039,4.128362704903735
1_PI_LN,L037xL041,2.3008090778477612
1_PI_LN,L037xL045,6.554364216251647
1_PI_LN,L037xL046,5.487343535364952
1_PI_LN,L037xL048,3.581338303873287
1_PI_LN,L037xL049,5.8358759214402705
1_PI_LN,L037xL055,4.591950423251648
1_PI_LN,L037xL056,5.601899063897141
1_PI_LN,L037xL058,1.7879810163898555
1_PI_LN,L038xL042,0.4827754851864593
1_PI_LN,L038xL043,4.100250784847761
1_PI_LN,L038xL045,5.082592465392673
1_PI_LN,L038xL046,3.939111502277935
1_PI_LN,L038xL048,4.331079618009893
1_PI_LN,L038xL049,5.936724181873287
1_PI_LN,L038xL054,3.3630008000098934
1_PI_LN,L038xL055,3.7594744975658636
1_PI_LN,L038xL056,3.9386519438315184
1_PI_LN,L038xL058,4.240495450391723
1_PI_LN,L039xL041,3.044530971642785
1_PI_LN,L039xL042,1.0836341852175824
1_PI_LN,L039xL043,4.945603822847761
1_PI_LN,L039xL044,4.532814595685776
1_PI_LN,L039xL045,5.303239551903735
1_PI_LN,L039xL046,4.8453691193254915
1_PI_LN,L039xL049,5.367053320654148
1_PI_LN,L039xL056,3.339638412325492
1_PI_LN,L039xL058,3.096041644642785
1_PI_LN,L041xL007B,3.919440307785832
1_PI_LN,L041xL014C,3.700379633788268
1_PI_LN,L041xL046,3.920227933392673
1_PI_LN,L041xL047,2.568957264611352
1_PI_LN,L041xL058,2.9282697923978724
1_PI_LN,L042xL007B,3.1576226813649515
1_PI_LN,L042xL043,2.402126480873287
1_PI_LN,L042xL045,2.722292409317075
1_PI_LN,L042xL046,2.132655972009893
1_PI_LN,L042xL047,4.249879673186459
1_PI_LN,L042xL049,7.777400199186459
1_PI_LN,L043xL007B,3.281622015251647
1_PI_LN,L043xL014B,4.1214774736616935
1_PI_LN,L043xL014C,3.1933932811771304
1_PI_LN,L043xL044,4.313139923364952
1_PI_LN,L043xL048,5.469687654661694
1_PI_LN,L043xL049,5.324822202186459
1_PI_LN,L043xL054,2.6053939647856517
1_PI_LN,L043xL055,3.9014613615658638
1_PI_LN,L043xL056,5.483842005661694
1_PI_LN,L043xL058,5.162922465661694
1_PI_LN,L044xL007B,3.5934753831771302
1_PI_LN,L044xL014C,4.203773083251647
1_PI_LN,L044xL025,2.6970413728312206
1_PI_LN,L044xL045,2.384310302611352
1_PI_LN,L044xL046,4.244555755423185
1_PI_LN,L044xL047,4.383705617186459
1_PI_LN,L044xL048,4.084935093654147
1_PI_LN,L044xL049,1.156341098391723
1_PI_LN,L044xL055,5.031503238654148
1_PI_LN,L044xL056,4.197332466654148
1_PI_LN,L044xL058,4.9548140053917225
1_PI_LN,L045xL007B,4.4939679941771304
1_PI_LN,L045xL014B,4.497315413435102
1_PI_LN,L045xL046,5.180300045847761
1_PI_LN,L045xL047,4.77532467684776
1_PI_LN,L045xL048,2.743134691037186
1_PI_LN,L045xL049,5.077830560392673
1_PI_LN,L045xL054,4.020572760392673
1_PI_LN,L045xL055,4.901411811325492
1_PI_LN,L045xL056,4.29739364184776
1_PI_LN,L046xL007B,5.145938472897141
1_PI_LN,L046xL014C,2.1454543993917232
1_PI_LN,L046xL047,1.679860500661694
1_PI_LN,L046xL048,1.5655658769037344
1_PI_LN,L046xL054,3.3918842150098936
1_PI_LN,L046xL055,3.769013885205168
1_PI_LN,L046xL058,2.8510144622516473
1_PI_LN,L047xL007B,3.9834807586616936
1_PI_LN,L047xL014C,2.8168272702516473
1_PI_LN,L047xL049,2.8931990078312206
1_PI_LN,L047xL055,4.129140407177131
1_PI_LN,L048xL007B,5.28969870017713
1_PI_LN,L048xL014C,1.970790142788268
1_PI_LN,L048xL056,4.533625314099095
1_PI_LN,L048xL058,3.798980537785832
1_PI_LN,L049xL014B,4.119665151317075
1_PI_LN,L049xL054,4.019605018205168
1_PI_LN,L054xL007B,4.35100085726482
1_PI_LN,L054xL055,2.6568736903170747
1_PI_LN,L055xL007B,4.512795615897141
1_PI_LN,L055xL014C,2.035795494205168
1_PI_LN,L055xL056,5.7934910953170755
1_PI_LN,L055xL058,2.7484175753978723
1_PI_LN,L056xL007B,5.518746354897141
1_PI_LN,L056xL047,3.800452151161843
1_PI_LN,L058xL007B,3.471902367521483
1_PI_LN,L058xL014C,3.588518567251647
1_PI_IN,L001xL002,5.112767240383975
1_PI_IN,L001xL003,3.8282373023083824
1_PI_IN,L001xL005,4.942027930792067
1_PI_IN,L001xL014C,6.089419568308383
1_PI_IN,L001xL023,5.778335824308383
1_PI_IN,L001xL034,7.416069814308383
1_PI_IN,L001xL038,6.160798878308382
1_PI_IN,L001xL039,6.232497689698444
1_PI_IN,L001xL046,7.644247154308383
1_PI_IN,L001xL056,8.162194609308383
1_PI_IN,L002xL003,3.052596211698444
1_PI_IN,L002xL008,6.969879355152512
1_PI_IN,L002xL010,3.4935842537831254
1_PI_IN,L002xL014,5.913427638838802
1_PI_IN,L002xL014C,1.1565764071475515
1_PI_IN,L002xL015,3.9664940599540133
1_PI_IN,L002xL016,4.62267372223584
1_PI_IN,L002xL017,5.497926817838802
1_PI_IN,L002xL019,7.189532072147552
1_PI_IN,L002xL022,4.568134253714552
1_PI_IN,L002xL023,3.9832189289914224
1_PI_IN,L002xL029,4.158382400954014
1_PI_IN,L002xL031,5.507087059480785
1_PI_IN,L002xL034,5.478990649120528
1_PI_IN,L002xL038,5.467701686991423
1_PI_IN,L002xL041,5.604967175792067
1_PI_IN,L002xL045,7.587823393420034
1_PI_IN,L002xL056,4.371197077596362
1_PI_IN,L003xL005,5.211972365966934
1_PI_IN,L003xL006,4.58592495423584
1_PI_IN,L003xL007,6.487831950872516
1_PI_IN,L003xL008,4.595639020288072
1_PI_IN,L003xL010,3.1295776857831252
1_PI_IN,L003xL011,4.800648916693919
1_PI_IN,L003xL013,5.481910598241922
1_PI_IN,L003xL014B,3.95996657703023
1_PI_IN,L003xL015,2.6297952471205277
1_PI_IN,L003xL023,3.339884496872515
1_PI_IN,L003xL026,2.5637028077920676
1_PI_IN,L003xL028,3.288924482792068
1_PI_IN,L003xL029,3.96358385317709
1_PI_IN,L003xL031,4.687109633125292
1_PI_IN,L003xL034,6.6706491051205274
1_PI_IN,L003xL039,5.013441739480784
1_PI_IN,L003xL041,4.830637196807085
1_PI_IN,L003xL042,4.976249620480785
1_PI_IN,L003xL043,4.925872989286544
1_PI_IN,L003xL044,3.0227612607174983
1_PI_IN,L003xL045,4.167497500240843
1_PI_IN,L003xL047,2.033187344698444
1_PI_IN,L003xL048,2.705181033383975
1_PI_IN,L003xL049,5.206363391120528
1_PI_IN,L003xL056,5.797771110069607
1_PI_IN,L005xL006,6.62204033917709
1_PI_IN,L005xL007,4.256344433714553
1_PI_IN,L005xL008,3.430762638420034
1_PI_IN,L005xL014C,4.11750352203023
1_PI_IN,L005xL015,3.9803303299669346
1_PI_IN,L005xL017,4.011071538177091
1_PI_IN,L005xL024,2.9336965039669347
1_PI_IN,L005xL035,4.21086969603023
1_PI_IN,L005xL038,2.8225963399669345
1_PI_IN,L005xL039,3.2090056594200336
1_PI_IN,L005xL041,4.930335708420034
1_PI_IN,L005xL044,3.1356200430696064
1_PI_IN,L005xL045,3.3289697321770904
1_PI_IN,L005xL046,5.314706941152512
1_PI_IN,L005xL047,3.3879460164200337
1_PI_IN,L005xL048,4.35477774203023
1_PI_IN,L005xL055,3.4637809620696065
1_PI_IN,L005xL056,5.59178923703023
1_PI_IN,L006xL007,5.643923904872516
1_PI_IN,L006xL007B,3.581205512566267
1_PI_IN,L006xL011,6.274706750280039
1_PI_IN,L006xL013,4.6486101052419215
1_PI_IN,L006xL014C,5.652487167778415
1_PI_IN,L006xL015,4.569846314136235
1_PI_IN,L006xL016,8.45102255184462
1_PI_IN,L006xL018,7.585669167824288
1_PI_IN,L006xL022,6.601534395420034
1_PI_IN,L006xL023,4.628587287872516
1_PI_IN,L006xL025,4.873442557308382
1_PI_IN,L006xL026,4.320878505792067
1_PI_IN,L006xL029,6.746619267721758
1_PI_IN,L006xL031,5.139841820788215
1_PI_IN,L006xL033,4.277656503783125
1_PI_IN,L006xL034,6.379827392954014
1_PI_IN,L006xL037,6.208677040181288
1_PI_IN,L006xL038,4.595897549717498
1_PI_IN,L006xL039,6.690330268721758
1_PI_IN,L006xL041,6.360234164069606
1_PI_IN,L006xL042,5.02152429723584
1_PI_IN,L006xL049,4.337425086195387
1_PI_IN,L006xL054,3.91272999517709
1_PI_IN,L006xL058,6.418776994693919
1_PI_IN,L007xL008,7.0563473755616215
1_PI_IN,L007xL010,3.781859644824288
1_PI_IN,L007xL011,5.008036393288071
1_PI_IN,L007xL012,5.796066203181288
1_PI_IN,L007xL014B,4.275897993195388
1_PI_IN,L007xL015,6.705445857152511
1_PI_IN,L007xL017,8.912849838561621
1_PI_IN,L007xL019,5.9542287441205275
1_PI_IN,L007xL027,6.738241412596362
1_PI_IN,L007xL031,5.235525861383975
1_PI_IN,L007xL033,6.471924265195387
1_PI_IN,L007xL034,4.7647098472358405
1_PI_IN,L007xL037,5.228302800136235
1_PI_IN,L007xL038,4.831076439561621
1_PI_IN,L007xL044,5.621008478288071
1_PI_IN,L007xL046,4.41108094723584
1_PI_IN,L007xL048,8.181132443872515
1_PI_IN,L007xL049,6.499346269195388
1_PI_IN,L007xL058,5.797868436195388
1_PI_IN,L008xL011,4.591987307622841
1_PI_IN,L008xL012,6.92385019875427
1_PI_IN,L008xL013,3.365775910231781
1_PI_IN,L008xL014C,3.0882010614200337
1_PI_IN,L008xL015,5.415412816136235
1_PI_IN,L008xL016,5.684615982721758
1_PI_IN,L008xL017,6.260656431125292
1_PI_IN,L008xL018,4.954551080717498
1_PI_IN,L008xL023,5.967766448125292
1_PI_IN,L008xL024,5.33685512475427
1_PI_IN,L008xL025,2.6745891147542693
1_PI_IN,L008xL026,4.13314412275427
1_PI_IN,L008xL027,5.65636251375427
1_PI_IN,L008xL029,5.309778734383975
1_PI_IN,L008xL032,6.20461456562284
1_PI_IN,L008xL033,3.7463296727542694
1_PI_IN,L008xL034,3.58062441762284
1_PI_IN,L008xL035,3.2184314797542695
1_PI_IN,L008xL037,4.80809568262284
1_PI_IN,L008xL039,3.4046383757542693
1_PI_IN,L008xL041,5.36687154475427
1_PI_IN,L008xL042,5.622063811456245
1_PI_IN,L008xL043,4.322502721566267
1_PI_IN,L008xL045,5.910064072596362
1_PI_IN,L008xL046,4.735361657383975
1_PI_IN,L008xL047,5.15784034675427
1_PI_IN,L008xL049,6.86361669417709
1_PI_IN,L010xL007B,4.931587274286544
1_PI_IN,L010xL011,5.268546280778415
1_PI_IN,L010xL013,5.267950830588491
1_PI_IN,L010xL014,4.73924186723584
1_PI_IN,L010xL014C,3.8164276624200335
1_PI_IN,L010xL019,5.121519789561621
1_PI_IN,L010xL022,3.662713502824288
1_PI_IN,L010xL023,5.741578994717498
1_PI_IN,L010xL027,4.248000859824288
1_PI_IN,L010xL029,5.709367298778416
1_PI_IN,L010xL034,5.501242447286544
1_PI_IN,L010xL038,4.028048617717499
1_PI_IN,L010xL039,6.746423001717498
1_PI_IN,L010xL041,3.483660132596362
1_PI_IN,L010xL042,4.354806948838802
1_PI_IN,L010xL043,7.157038834286545
1_PI_IN,L010xL045,4.419035813783125
1_PI_IN,L010xL046,3.9576381087174983
1_PI_IN,L010xL048,5.688333645693919
1_PI_IN,L010xL049,4.414717258783125
1_PI_IN,L010xL055,5.167253743231781
1_PI_IN,L010xL056,5.028432167693919
1_PI_IN,L010xL058,7.6947068109008905
1_PI_IN,L011xL012,5.450503198900891
1_PI_IN,L011xL013,5.427348521383975
1_PI_IN,L011xL015,6.859189509280039
1_PI_IN,L011xL016,3.5004212271525112
1_PI_IN,L011xL018,4.459429430824288
1_PI_IN,L011xL022,2.7551438520696063
1_PI_IN,L011xL023,4.957374603721758
1_PI_IN,L011xL024,4.935560600136235
1_PI_IN,L011xL029,5.851347007991422
1_PI_IN,L011xL033,5.571713891714553
1_PI_IN,L011xL037,6.708431337778415
1_PI_IN,L011xL038,2.855807105152511
1_PI_IN,L011xL043,4.117397684693919
1_PI_IN,L011xL046,5.349149224195387
1_PI_IN,L011xL048,4.96386327384462
1_PI_IN,L011xL049,7.169376563991422
1_PI_IN,L011xL056,4.075938277280039
1_PI_IN,L011xL058,5.828955271714553
1_PI_IN,L012xL007B,5.850993484147551
1_PI_IN,L012xL013,4.868330959241922
1_PI_IN,L012xL018,4.944107730717498
1_PI_IN,L012xL029,6.443376761900891
1_PI_IN,L012xL033,5.1863981079008905
1_PI_IN,L012xL037,4.695819898181289
1_PI_IN,L012xL041,6.041193186286544
1_PI_IN,L012xL042,3.9278252085616208
1_PI_IN,L012xL046,3.7538503819540137
1_PI_IN,L012xL048,5.574584656588492
1_PI_IN,L012xL058,5.6344241671812885
1_PI_IN,L013xL015,1.6309606441475515
1_PI_IN,L013xL019,4.914078086241922
1_PI_IN,L013xL023,3.065957393807085
1_PI_IN,L013xL024,4.685391715241922
1_PI_IN,L013xL029,3.853665116588491
1_PI_IN,L013xL031,5.698150335241921
1_PI_IN,L013xL032,3.5387578892419222
1_PI_IN,L013xL033,5.53361696884462
1_PI_IN,L013xL034,5.363782519241922
1_PI_IN,L013xL035,5.180346621698443
1_PI_IN,L013xL037,6.081812076241921
1_PI_IN,L013xL038,4.126196312241921
1_PI_IN,L013xL039,5.442930125420034
1_PI_IN,L013xL044,4.511598611241922
1_PI_IN,L013xL045,4.780432765241922
1_PI_IN,L013xL046,5.492797298241922
1_PI_IN,L013xL047,2.6652603522419223
1_PI_IN,L013xL048,3.939356408807085
1_PI_IN,L013xL054,6.893850627147552
1_PI_IN,L013xL055,3.6882160172419223
1_PI_IN,L014xL016,7.093440971561621
1_PI_IN,L014xL017,4.324637632181289
1_PI_IN,L014xL018,6.044600341717498
1_PI_IN,L014xL023,5.874004959596362
1_PI_IN,L014xL026,3.761600076420034
1_PI_IN,L014xL029,2.386635687721758
1_PI_IN,L014xL032,5.557979734872515
1_PI_IN,L014xL034,6.112873001872515
1_PI_IN,L014xL037,3.9218198632358403
1_PI_IN,L014xL038,3.459785973872515
1_PI_IN,L014xL044,5.733551077069606
1_PI_IN,L014xL045,4.571770201807085
1_PI_IN,L014xL046,3.7203442668725155
1_PI_IN,L014xL047,2.728343404721758
1_PI_IN,L014xL055,3.3079820896984433
1_PI_IN,L014xL056,7.31521887823584
1_PI_IN,L014xL058,3.6822690931953876
1_PI_IN,L015xL007B,4.966608075181289
1_PI_IN,L015xL016,3.7026004417882157
1_PI_IN,L015xL017,0.4990502621475515
1_PI_IN,L015xL018,4.485571117783126
1_PI_IN,L015xL023,2.985362921480785
1_PI_IN,L015xL025,4.084585424824288
1_PI_IN,L015xL028,2.8696985311362355
1_PI_IN,L015xL029,4.147504642991422
1_PI_IN,L015xL031,4.691000033596362
1_PI_IN,L015xL033,4.190946488280039
1_PI_IN,L015xL037,2.837908721280039
1_PI_IN,L015xL041,3.697435226807085
1_PI_IN,L015xL042,3.4896146231205276
1_PI_IN,L015xL043,4.073782857714552
1_PI_IN,L015xL044,3.8073479189540134
1_PI_IN,L015xL045,5.792834820136235
1_PI_IN,L015xL046,3.423048354900891
1_PI_IN,L015xL047,2.7134591962865438
1_PI_IN,L015xL049,5.689591413966935
1_PI_IN,L015xL055,2.879499194792068
1_PI_IN,L015xL056,6.420368940778415
1_PI_IN,L015xL058,3.2494818494200337
1_PI_IN,L016xL014C,2.8411663839914225
1_PI_IN,L016xL017,5.929691096195388
1_PI_IN,L016xL019,7.1928769395884915
1_PI_IN,L016xL025,6.5107255791953875
1_PI_IN,L016xL026,5.137711736900891
1_PI_IN,L016xL031,5.508347717714552
1_PI_IN,L016xL032,8.88142577523584
1_PI_IN,L016xL034,6.69574433023584
1_PI_IN,L016xL038,4.539105402693918
1_PI_IN,L016xL042,3.9562920811953877
1_PI_IN,L016xL043,5.509424725872515
1_PI_IN,L016xL045,7.55747575384462
1_PI_IN,L016xL046,5.671192853900891
1_PI_IN,L016xL047,4.52686091423584
1_PI_IN,L016xL049,7.1180994531770905
1_PI_IN,L016xL055,6.525807105152511
1_PI_IN,L016xL056,6.456341343195388
1_PI_IN,L017xL014C,4.051439837456245
1_PI_IN,L017xL018,6.207541560783126
1_PI_IN,L017xL023,3.710172823383975
1_PI_IN,L017xL029,4.173688679136235
1_PI_IN,L017xL032,5.378012574872515
1_PI_IN,L017xL034,4.840364623588491
1_PI_IN,L017xL037,4.824555530181288
1_PI_IN,L017xL043,3.4666506906228403
1_PI_IN,L017xL045,5.212717881693918
1_PI_IN,L017xL046,2.44518825103023
1_PI_IN,L017xL047,2.1439920709669344
1_PI_IN,L017xL048,3.515542778561621
1_PI_IN,L017xL049,7.60821439517709
1_PI_IN,L017xL055,6.202470144181288
1_PI_IN,L017xL056,5.732109822954014
1_PI_IN,L018xL007B,5.839397061783125
1_PI_IN,L018xL014B,6.854027131824289
1_PI_IN,L018xL024,5.403167521596362
1_PI_IN,L018xL025,5.200911739383975
1_PI_IN,L018xL027,5.774164938900891
1_PI_IN,L018xL032,5.8703982328242885
1_PI_IN,L018xL033,3.3292816478242884
1_PI_IN,L018xL038,6.391909377783125
1_PI_IN,L018xL039,5.324979512824288
1_PI_IN,L018xL041,5.888434346308382
1_PI_IN,L018xL044,4.055816951824288
1_PI_IN,L018xL046,6.415684085717498
1_PI_IN,L018xL055,8.020478830717499
1_PI_IN,L018xL056,4.8235181008242884
1_PI_IN,L019xL014B,3.9354614434807846
1_PI_IN,L019xL024,5.857592381714553
1_PI_IN,L019xL027,1.4802256688388018
1_PI_IN,L019xL028,5.648974229120527
1_PI_IN,L019xL029,4.045575214120527
1_PI_IN,L019xL031,8.081274885136235
1_PI_IN,L019xL032,10.806126653721758
1_PI_IN,L019xL034,6.647210400721758
1_PI_IN,L019xL035,6.89675660275427
1_PI_IN,L019xL045,6.007139659807085
1_PI_IN,L019xL058,4.394752321288071
1_PI_IN,L022xL033,3.4785787304200335
1_PI_IN,L022xL044,4.368479996181288
1_PI_IN,L023xL007B,6.183756206231781
1_PI_IN,L023xL014C,3.554825977596362
1_PI_IN,L023xL024,2.1755770201362354
1_PI_IN,L023xL025,3.823710619125291
1_PI_IN,L023xL026,5.823875742991422
1_PI_IN,L023xL027,6.494785161288071
1_PI_IN,L023xL028,4.682719877136235
1_PI_IN,L023xL029,5.288022252561621
1_PI_IN,L023xL031,8.04518603723584
1_PI_IN,L023xL032,5.279657033721758
1_PI_IN,L023xL033,4.052976228824288
1_PI_IN,L023xL034,5.185344843792067
1_PI_IN,L023xL035,4.910418772147551
1_PI_IN,L023xL038,4.714935924240843
1_PI_IN,L023xL042,3.7179883129540134
1_PI_IN,L023xL043,4.1600601812865445
1_PI_IN,L023xL045,6.685093687588491
1_PI_IN,L023xL046,2.1730864668725154
1_PI_IN,L023xL047,3.7695068278725152
1_PI_IN,L023xL048,5.403809141125292
1_PI_IN,L023xL054,2.7310225518446196
1_PI_IN,L023xL055,6.065130845778415
1_PI_IN,L023xL056,6.8010225518446195
1_PI_IN,L024xL007B,6.616854380181288
1_PI_IN,L024xL014B,7.200747536383975
1_PI_IN,L024xL014C,3.2131609357920676
1_PI_IN,L024xL025,4.607438041125292
1_PI_IN,L024xL026,2.765593450280039
1_PI_IN,L024xL027,5.25518477723178
1_PI_IN,L024xL028,3.8118925561770904
1_PI_IN,L024xL032,4.972454859792068
1_PI_IN,L024xL033,4.1129767007831255
1_PI_IN,L024xL034,4.443013448693919
1_PI_IN,L024xL037,5.39809465503023
1_PI_IN,L024xL038,5.0560203792800396
1_PI_IN,L024xL039,5.703029039778415
1_PI_IN,L024xL044,6.126362696954014
1_PI_IN,L024xL046,5.6825692687784155
1_PI_IN,L024xL048,4.325386415991423
1_PI_IN,L024xL049,7.120480470069606
1_PI_IN,L024xL055,6.894017286152511
1_PI_IN,L024xL056,3.965035158280039
1_PI_IN,L024xL058,6.631814859383975
1_PI_IN,L025xL014B,4.1771588941252915
1_PI_IN,L025xL028,3.8489815551252913
1_PI_IN,L025xL029,4.266513164308383
1_PI_IN,L025xL033,2.3273989782408435
1_PI_IN,L025xL035,3.7209959233083825
1_PI_IN,L025xL041,1.9564474833083825
1_PI_IN,L025xL046,5.408559151824289
1_PI_IN,L025xL047,3.1219864811252913
1_PI_IN,L025xL049,2.4877446913083827
1_PI_IN,L025xL055,2.7087627543083825
1_PI_IN,L025xL056,5.599854010698444
1_PI_IN,L026xL007B,2.444457610778415
1_PI_IN,L026xL028,3.9061253329914223
1_PI_IN,L026xL029,3.7398869799669345
1_PI_IN,L026xL031,2.9511349279669346
1_PI_IN,L026xL033,3.4585076699669344
1_PI_IN,L026xL035,4.945698402991423
1_PI_IN,L026xL037,3.018447758778415
1_PI_IN,L026xL038,3.7398869799669345
1_PI_IN,L026xL039,3.5979972539914225
1_PI_IN,L026xL044,4.47001236323178
1_PI_IN,L026xL045,5.151682893954014
1_PI_IN,L026xL046,5.6714030324200335
1_PI_IN,L026xL048,4.83389611484462
1_PI_IN,L026xL049,5.248856749714553
1_PI_IN,L027xL031,6.075539686788216
1_PI_IN,L027xL032,5.802703526900891
1_PI_IN,L027xL034,5.72121452403023
1_PI_IN,L027xL035,7.332918767231781
1_PI_IN,L027xL037,6.112667399420034
1_PI_IN,L027xL038,4.721843695783125
1_PI_IN,L027xL042,4.8745747434807845
1_PI_IN,L027xL048,7.748611106288071
1_PI_IN,L027xL049,4.622847812181289
1_PI_IN,L027xL054,3.95477774203023
1_PI_IN,L027xL055,5.973360341900891
1_PI_IN,L027xL056,4.366377936288072
1_PI_IN,L028xL034,5.977563884136235
1_PI_IN,L028xL042,3.7849833869540137
1_PI_IN,L028xL045,5.620515857566267
1_PI_IN,L028xL049,3.78197465817709
1_PI_IN,L028xL054,3.647496206693919
1_PI_IN,L028xL055,4.168877513136235
1_PI_IN,L029xL007B,7.067430715120527
1_PI_IN,L029xL014B,5.049384252792067
1_PI_IN,L029xL014C,3.4539263889669347
1_PI_IN,L029xL033,2.2979901112408436
1_PI_IN,L029xL034,4.975889016280039
1_PI_IN,L029xL035,5.512249206125292
1_PI_IN,L029xL038,4.180166843717498
1_PI_IN,L029xL039,6.410088938288071
1_PI_IN,L029xL041,3.603832770566267
1_PI_IN,L029xL042,3.34664745023584
1_PI_IN,L029xL043,6.44932720962284
1_PI_IN,L029xL047,3.453865621288072
1_PI_IN,L029xL048,5.0814164300696065
1_PI_IN,L031xL032,4.552639461838802
1_PI_IN,L031xL034,3.884854534280039
1_PI_IN,L031xL035,3.0499585727542695
1_PI_IN,L031xL039,6.564763766721758
1_PI_IN,L031xL042,6.589491506991423
1_PI_IN,L031xL049,5.063555024792067
1_PI_IN,L031xL058,2.44983300023584
1_PI_IN,L032xL007B,8.226200994136235
1_PI_IN,L032xL014B,5.088232775714553
1_PI_IN,L032xL014C,6.298800752872515
1_PI_IN,L032xL033,7.053852180240843
1_PI_IN,L032xL034,5.749377948966934
1_PI_IN,L032xL035,5.486502906622841
1_PI_IN,L032xL037,6.154390260788215
1_PI_IN,L032xL038,6.438146360721758
1_PI_IN,L032xL039,5.954408920147552
1_PI_IN,L032xL042,4.737132461788216
1_PI_IN,L032xL043,6.218415451792067
1_PI_IN,L032xL044,3.373358373383975
1_PI_IN,L032xL045,5.159624193721758
1_PI_IN,L032xL046,5.443135906125292
1_PI_IN,L032xL047,4.846559740954014
1_PI_IN,L032xL049,4.892265448872515
1_PI_IN,L032xL058,7.0742928041812885
1_PI_IN,L033xL007B,6.923064002240843
1_PI_IN,L033xL034,5.416627933280039
1_PI_IN,L033xL035,4.48522950875427
1_PI_IN,L033xL037,5.467513920240843
1_PI_IN,L033xL038,2.665525861383975
1_PI_IN,L033xL041,4.223642122807085
1_PI_IN,L033xL043,5.490600948240843
1_PI_IN,L033xL046,4.826243113588491
1_PI_IN,L033xL047,4.475823728286544
1_PI_IN,L033xL048,3.7260360882408436
1_PI_IN,L033xL049,3.2192801447174983
1_PI_IN,L033xL054,4.981339864240843
1_PI_IN,L033xL056,7.266167451240843
1_PI_IN,L034xL007B,7.4659054979008905
1_PI_IN,L034xL014C,2.7550187281362355
1_PI_IN,L034xL038,5.072487996693918
1_PI_IN,L034xL039,4.46385472823178
1_PI_IN,L034xL042,5.847108407596362
1_PI_IN,L034xL043,6.887489606966935
1_PI_IN,L034xL044,6.300213082125292
1_PI_IN,L034xL045,5.948647637280039
1_PI_IN,L034xL046,4.434903785136235
1_PI_IN,L034xL047,4.898386587838802
1_PI_IN,L034xL048,6.314132038280039
1_PI_IN,L034xL049,5.553933178120527
1_PI_IN,L034xL055,5.271751276152512
1_PI_IN,L034xL058,3.393492382456245
1_PI_IN,L035xL007B,5.445162830288072
1_PI_IN,L035xL014B,6.289254479240843
1_PI_IN,L035xL014C,4.59046425884462
1_PI_IN,L035xL037,4.885487776588492
1_PI_IN,L035xL038,5.2613998748242885
1_PI_IN,L035xL041,5.863855587807085
1_PI_IN,L035xL045,6.03045118375427
1_PI_IN,L035xL046,5.14036169162284
1_PI_IN,L035xL047,7.023113263240843
1_PI_IN,L035xL056,3.5082475108446194
1_PI_IN,L035xL058,3.309288091900891
1_PI_IN,L037xL007B,7.027153777286545
1_PI_IN,L037xL038,5.40050947562284
1_PI_IN,L037xL039,5.283859322991423
1_PI_IN,L037xL041,3.879602714807085
1_PI_IN,L037xL045,6.42906345703023
1_PI_IN,L037xL046,5.988841244181288
1_PI_IN,L037xL048,3.3656244751205278
1_PI_IN,L037xL049,5.752963928147551
1_PI_IN,L037xL055,6.50037708603023
1_PI_IN,L037xL056,7.030450186288071
1_PI_IN,L037xL058,2.147280394714552
1_PI_IN,L038xL042,0.523246757456245
1_PI_IN,L038xL043,4.8807357188070855
1_PI_IN,L038xL045,4.362305677566267
1_PI_IN,L038xL046,4.7938305597831254
1_PI_IN,L038xL048,4.483884321561621
1_PI_IN,L038xL049,6.575345329120527
1_PI_IN,L038xL054,4.826642942561621
1_PI_IN,L038xL055,3.789583788152511
1_PI_IN,L038xL056,4.071464052717499
1_PI_IN,L038xL058,6.257737365588492
1_PI_IN,L039xL041,4.10351844684462
1_PI_IN,L039xL042,3.4952083381953876
1_PI_IN,L039xL043,5.665005012807085
1_PI_IN,L039xL044,5.097458987824289
1_PI_IN,L039xL045,5.150788714991423
1_PI_IN,L039xL046,4.661075549792067
1_PI_IN,L039xL049,6.591763002788215
1_PI_IN,L039xL056,5.578349769792068
1_PI_IN,L039xL058,3.9121883968446194
1_PI_IN,L041xL007B,6.518386587838802
1_PI_IN,L041xL014C,5.777520142125292
1_PI_IN,L041xL046,4.824620948566267
1_PI_IN,L041xL047,4.129275895596362
1_PI_IN,L041xL058,5.269435874900891
1_PI_IN,L042xL007B,5.190483280181288
1_PI_IN,L042xL043,4.100944672120527
1_PI_IN,L042xL045,4.01059534817709
1_PI_IN,L042xL046,2.773933582561621
1_PI_IN,L042xL047,5.978911102456245
1_PI_IN,L042xL049,6.603278918456245
1_PI_IN,L043xL007B,2.92182207703023
1_PI_IN,L043xL014B,4.079442151622841
1_PI_IN,L043xL014C,4.823147209286544
1_PI_IN,L043xL044,5.670122032181288
1_PI_IN,L043xL048,5.97536990262284
1_PI_IN,L043xL049,4.799863483456245
1_PI_IN,L043xL054,0.935772068693919
1_PI_IN,L043xL055,3.9343292731525112
1_PI_IN,L043xL056,6.26781653562284
1_PI_IN,L043xL058,4.73914658562284
1_PI_IN,L044xL007B,5.671193186286544
1_PI_IN,L044xL014C,3.59320138803023
1_PI_IN,L044xL025,4.451964724308382
1_PI_IN,L044xL045,3.100671626596362
1_PI_IN,L044xL046,4.655375294241922
1_PI_IN,L044xL047,5.163016192456245
1_PI_IN,L044xL048,3.6982654657882157
1_PI_IN,L044xL049,1.824995165588491
1_PI_IN,L044xL055,4.617969899788215
1_PI_IN,L044xL056,5.706344283788216
1_PI_IN,L044xL058,6.651563310588491
1_PI_IN,L045xL007B,4.117941954286544
1_PI_IN,L045xL014B,5.121898157240843
1_PI_IN,L045xL046,5.130095324807085
1_PI_IN,L045xL047,5.363740645807085
1_PI_IN,L045xL048,3.87970163723584
1_PI_IN,L045xL049,6.318052803566267
1_PI_IN,L045xL054,6.471648862566267
1_PI_IN,L045xL055,5.455985237792067
1_PI_IN,L045xL056,5.847550168807085
1_PI_IN,L046xL007B,5.789120137288071
1_PI_IN,L046xL014C,2.1406766105884913
1_PI_IN,L046xL047,1.7408543026228402
1_PI_IN,L046xL048,1.5103289449914226
1_PI_IN,L046xL054,3.7725542725616212
1_PI_IN,L046xL055,3.673258924778415
1_PI_IN,L046xL058,2.4563540970302298
1_PI_IN,L047xL007B,4.13536990262284
1_PI_IN,L047xL014C,3.53218332503023
1_PI_IN,L047xL049,4.3402570063083825
1_PI_IN,L047xL055,3.841833580286544
1_PI_IN,L048xL007B,5.8004542702865445
1_PI_IN,L048xL014C,2.7891785991252913
1_PI_IN,L048xL056,6.3340577519669345
1_PI_IN,L048xL058,6.403263434838802
1_PI_IN,L049xL014B,4.69736053717709
1_PI_IN,L049xL054,3.6643426677784148
1_PI_IN,L054xL007B,2.907500048231781
1_PI_IN,L054xL055,1.9545690751770903
1_PI_IN,L055xL007B,7.260893536288072
1_PI_IN,L055xL014C,6.249925590778416
1_PI_IN,L055xL056,5.32036546317709
1_PI_IN,L055xL058,6.3021288149008905
1_PI_IN,L056xL007B,7.352978922288072
1_PI_IN,L056xL047,3.9311408387542697
1_PI_IN,L058xL007B,5.516149231954014
1_PI_IN,L058xL014C,3.59297150303023
1_AN_LN,L001xL002,5.849570190716538
1_AN_LN,L001xL003,7.651290143711072
1_AN_LN,L001xL005,6.019284412348647
1_AN_LN,L001xL014C,5.860107877711072
1_AN_LN,L001xL023,4.856873065711072
1_AN_LN,L001xL034,4.749960093711072
1_AN_LN,L001xL038,3.2780389117110715
1_AN_LN,L001xL039,7.916556906573666
1_AN_LN,L001xL046,5.139664527711072
1_AN_LN,L001xL056,7.782406727711072
1_AN_LN,L002xL003,4.120694837573666
1_AN_LN,L002xL008,6.328991992255207
1_AN_LN,L002xL010,7.243218283168253
1_AN_LN,L002xL014,8.529953077459332
1_AN_LN,L002xL014C,5.304746422309737
1_AN_LN,L002xL015,4.290275599694512
1_AN_LN,L002xL016,7.388737109053491
1_AN_LN,L002xL017,10.385273277459332
1_AN_LN,L002xL019,10.329015713309737
1_AN_LN,L002xL022,6.39959806685642
1_AN_LN,L002xL023,5.024532633146366
1_AN_LN,L002xL029,4.904035862694512
1_AN_LN,L002xL031,7.144712374284092
1_AN_LN,L002xL034,1.6885106687311007
1_AN_LN,L002xL038,2.318473519146366
1_AN_LN,L002xL041,5.582535644348647
1_AN_LN,L002xL045,9.384393382702884
1_AN_LN,L002xL056,6.171726830947509
1_AN_LN,L003xL005,5.206746405238969
1_AN_LN,L003xL006,3.2999850560534902
1_AN_LN,L003xL007,5.10692395614044
1_AN_LN,L003xL008,5.8716902170019285
1_AN_LN,L003xL010,6.266305311168253
1_AN_LN,L003xL011,6.90041238528033
1_AN_LN,L003xL013,4.488691280235436
1_AN_LN,L003xL014B,7.157903467562332
1_AN_LN,L003xL015,4.8208752007311
1_AN_LN,L003xL023,5.267416567140439
1_AN_LN,L003xL026,2.0650315393486474
1_AN_LN,L003xL028,4.577937943348647
1_AN_LN,L003xL029,5.325503301678733
1_AN_LN,L003xL031,6.822937724619762
1_AN_LN,L003xL034,5.251532014731101
1_AN_LN,L003xL039,6.750147514284092
1_AN_LN,L003xL041,3.5066203547117265
1_AN_LN,L003xL042,2.8267320792840915
1_AN_LN,L003xL043,7.663619045816801
1_AN_LN,L003xL044,5.291793359468301
1_AN_LN,L003xL045,4.617401259522014
1_AN_LN,L003xL047,2.4198902405736655
1_AN_LN,L003xL048,3.3177146897165377
1_AN_LN,L003xL049,6.792615758731101
1_AN_LN,L003xL056,8.619119381353148
1_AN_LN,L005xL006,5.1471289176787325
1_AN_LN,L005xL007,4.469926473856421
1_AN_LN,L005xL008,6.244097816702884
1_AN_LN,L005xL014C,4.565259788562332
1_AN_LN,L005xL015,5.99958712723897
1_AN_LN,L005xL017,3.547030395678733
1_AN_LN,L005xL024,5.015908966238969
1_AN_LN,L005xL035,5.052501168562332
1_AN_LN,L005xL038,4.373084664238969
1_AN_LN,L005xL039,4.986987799702884
1_AN_LN,L005xL041,3.1848038917028845
1_AN_LN,L005xL044,3.1969518933531487
1_AN_LN,L005xL045,7.0273259626787326
1_AN_LN,L005xL046,5.749468183255207
1_AN_LN,L005xL047,3.8861011007028843
1_AN_LN,L005xL048,2.719102153562332
1_AN_LN,L005xL055,2.965621844353149
1_AN_LN,L005xL056,2.7778213655623323
1_AN_LN,L006xL007,4.044066813140439
1_AN_LN,L006xL007B,3.2763470031815785
1_AN_LN,L006xL011,3.830831689233086
1_AN_LN,L006xL013,4.8487241202354365
1_AN_LN,L006xL014C,1.9329200769856723
1_AN_LN,L006xL015,3.3241876710592235
1_AN_LN,L006xL016,1.9965292424481613
1_AN_LN,L006xL018,3.6313101414910713
1_AN_LN,L006xL022,5.532110952702884
1_AN_LN,L006xL023,5.361997848140439
1_AN_LN,L006xL025,3.4404198647110715
1_AN_LN,L006xL026,3.7185619163486474
1_AN_LN,L006xL029,8.241402429348689
1_AN_LN,L006xL031,3.8909409588377546
1_AN_LN,L006xL033,4.811707610168253
1_AN_LN,L006xL034,3.4487977676945114
1_AN_LN,L006xL037,4.79096839158778
1_AN_LN,L006xL038,4.168345083468301
1_AN_LN,L006xL039,2.3288572733486888
1_AN_LN,L006xL041,7.636360760353149
1_AN_LN,L006xL042,4.35093743705349
1_AN_LN,L006xL049,4.41119978604735
1_AN_LN,L006xL054,1.6278021526787327
1_AN_LN,L006xL058,4.473417311280329
1_AN_LN,L007xL008,6.7502765895718735
1_AN_LN,L007xL010,6.531260880491072
1_AN_LN,L007xL011,3.415499741001928
1_AN_LN,L007xL012,6.03175656858778
1_AN_LN,L007xL014B,5.12092064004735
1_AN_LN,L007xL015,3.7914550462552072
1_AN_LN,L007xL017,11.169127165571874
1_AN_LN,L007xL019,2.880776677731101
1_AN_LN,L007xL027,2.605634876947509
1_AN_LN,L007xL031,8.812328810716538
1_AN_LN,L007xL033,4.23110126404735
1_AN_LN,L007xL034,5.18039556505349
1_AN_LN,L007xL037,2.619688492059223
1_AN_LN,L007xL038,5.463708445571874
1_AN_LN,L007xL044,6.510278066001929
1_AN_LN,L007xL046,8.77477980205349
1_AN_LN,L007xL048,8.17398471214044
1_AN_LN,L007xL049,3.7033836940473503
1_AN_LN,L007xL058,7.47074001604735
1_AN_LN,L008xL011,7.254529580992406
1_AN_LN,L008xL012,5.30134747824706
1_AN_LN,L008xL013,6.0307907811674415
1_AN_LN,L008xL014C,6.400288292702884
1_AN_LN,L008xL015,4.620673714059223
1_AN_LN,L008xL016,4.63022016334869
1_AN_LN,L008xL017,4.474990269619762
1_AN_LN,L008xL018,6.545652144468301
1_AN_LN,L008xL023,1.811624095619762
1_AN_LN,L008xL024,7.29315371824706
1_AN_LN,L008xL025,4.2630223552470605
1_AN_LN,L008xL026,4.78821118924706
1_AN_LN,L008xL027,6.153843373247061
1_AN_LN,L008xL029,5.349044738716537
1_AN_LN,L008xL032,6.8741026509924055
1_AN_LN,L008xL033,2.06285815124706
1_AN_LN,L008xL034,4.723495097992406
1_AN_LN,L008xL035,4.835271945247061
1_AN_LN,L008xL037,5.330046821992406
1_AN_LN,L008xL039,6.675600352247061
1_AN_LN,L008xL041,4.28729164924706
1_AN_LN,L008xL042,4.318064826854924
1_AN_LN,L008xL043,4.972833046181579
1_AN_LN,L008xL045,8.613270344947509
1_AN_LN,L008xL046,4.460752456716538
1_AN_LN,L008xL047,5.180083110247061
1_AN_LN,L008xL049,5.308376865678733
1_AN_LN,L010xL007B,3.908676516816801
1_AN_LN,L010xL011,3.402197580985672
1_AN_LN,L010xL013,7.53695721431307
1_AN_LN,L010xL014,3.40517389105349
1_AN_LN,L010xL014C,6.295017356702885
1_AN_LN,L010xL019,5.681048346571874
1_AN_LN,L010xL022,3.4793068574910713
1_AN_LN,L010xL023,6.799987119468301
1_AN_LN,L010xL027,3.2392411754910713
1_AN_LN,L010xL029,3.983396266985672
1_AN_LN,L010xL034,5.253898191816801
1_AN_LN,L010xL038,1.6677867914683016
1_AN_LN,L010xL039,4.582778580468301
1_AN_LN,L010xL041,6.278360656947509
1_AN_LN,L010xL042,1.0424161324593315
1_AN_LN,L010xL043,4.684210178816801
1_AN_LN,L010xL045,7.554499071168253
1_AN_LN,L010xL046,6.519625871468301
1_AN_LN,L010xL048,6.002448510280329
1_AN_LN,L010xL049,4.211592667168253
1_AN_LN,L010xL055,5.769657776167441
1_AN_LN,L010xL056,6.595749002280329
1_AN_LN,L010xL058,7.469502535446521
1_AN_LN,L011xL012,6.337975441446521
1_AN_LN,L011xL013,3.0189297967165376
1_AN_LN,L011xL015,3.634378487233086
1_AN_LN,L011xL016,4.9547391192552075
1_AN_LN,L011xL018,6.452919336491071
1_AN_LN,L011xL022,6.320794258353149
1_AN_LN,L011xL023,5.335064170348689
1_AN_LN,L011xL024,8.546010331059223
1_AN_LN,L011xL029,6.811806853146366
1_AN_LN,L011xL033,3.7691875578564202
1_AN_LN,L011xL037,2.9501778759856725
1_AN_LN,L011xL038,1.9433762292552075
1_AN_LN,L011xL043,2.67765376428033
1_AN_LN,L011xL046,4.27921292304735
1_AN_LN,L011xL048,8.15345863544816
1_AN_LN,L011xL049,5.541133618146366
1_AN_LN,L011xL056,1.650339078233086
1_AN_LN,L011xL058,5.3627343558564204
1_AN_LN,L012xL007B,5.213367111309737
1_AN_LN,L012xL013,4.782779950235437
1_AN_LN,L012xL018,6.794847546468301
1_AN_LN,L012xL029,9.255676591446521
1_AN_LN,L012xL033,4.499945885446521
1_AN_LN,L012xL037,4.476485632587781
1_AN_LN,L012xL041,3.450285712816801
1_AN_LN,L012xL042,5.0647429285718735
1_AN_LN,L012xL046,3.1527386536945112
1_AN_LN,L012xL048,5.09070105631307
1_AN_LN,L012xL058,6.361165435587781
1_AN_LN,L013xL015,6.324910625309737
1_AN_LN,L013xL019,7.217952363235437
1_AN_LN,L013xL023,6.286062062711727
1_AN_LN,L013xL024,6.140234794235436
1_AN_LN,L013xL029,4.46053685231307
1_AN_LN,L013xL031,4.112697848235436
1_AN_LN,L013xL032,4.350004908235436
1_AN_LN,L013xL033,5.3302730854481615
1_AN_LN,L013xL034,3.8173448102354364
1_AN_LN,L013xL035,3.240694837573666
1_AN_LN,L013xL037,4.788100147235436
1_AN_LN,L013xL038,3.142927733235436
1_AN_LN,L013xL039,8.077513251702884
1_AN_LN,L013xL044,6.692927733235436
1_AN_LN,L013xL045,7.066917881235437
1_AN_LN,L013xL046,2.5150788002354365
1_AN_LN,L013xL047,4.254553349235437
1_AN_LN,L013xL048,5.823828893711727
1_AN_LN,L013xL054,5.242973023309737
1_AN_LN,L013xL055,4.702862051235436
1_AN_LN,L014xL016,9.614447361571873
1_AN_LN,L014xL017,3.0581605095877804
1_AN_LN,L014xL018,8.047015034468302
1_AN_LN,L014xL023,6.882153759947509
1_AN_LN,L014xL026,4.072258735702884
1_AN_LN,L014xL029,3.882124925348689
1_AN_LN,L014xL032,9.16262182214044
1_AN_LN,L014xL034,3.4917515431404396
1_AN_LN,L014xL037,2.7211509020534903
1_AN_LN,L014xL038,3.7405200151404396
1_AN_LN,L014xL044,4.46399622835315
1_AN_LN,L014xL045,7.011842029711727
1_AN_LN,L014xL046,5.40308159214044
1_AN_LN,L014xL047,2.861747257348689
1_AN_LN,L014xL055,2.6865404865736657
1_AN_LN,L014xL056,6.35537093505349
1_AN_LN,L014xL058,6.59891735604735
1_AN_LN,L015xL007B,7.773612069587781
1_AN_LN,L015xL016,3.6500378388377546
1_AN_LN,L015xL017,0.7882361333097372
1_AN_LN,L015xL018,5.810229777168253
1_AN_LN,L015xL023,2.0683412742840916
1_AN_LN,L015xL025,3.1653002894910713
1_AN_LN,L015xL028,4.417915093059223
1_AN_LN,L015xL029,5.229278117146366
1_AN_LN,L015xL031,5.355864761947509
1_AN_LN,L015xL033,2.4094195382330863
1_AN_LN,L015xL037,6.016447453233086
1_AN_LN,L015xL041,3.4159142787117265
1_AN_LN,L015xL042,3.663371094731101
1_AN_LN,L015xL043,1.4440644048564204
1_AN_LN,L015xL044,4.2479110676945115
1_AN_LN,L015xL045,5.374499658059223
1_AN_LN,L015xL046,4.917876919446521
1_AN_LN,L015xL047,2.914653528816801
1_AN_LN,L015xL049,7.314890904238969
1_AN_LN,L015xL055,1.936821358348647
1_AN_LN,L015xL056,6.9669923259856725
1_AN_LN,L015xL058,3.039976305702884
1_AN_LN,L016xL014C,2.676158248146366
1_AN_LN,L016xL017,9.53881883404735
1_AN_LN,L016xL019,8.839059020313071
1_AN_LN,L016xL025,8.68182376004735
1_AN_LN,L016xL026,4.537466410446521
1_AN_LN,L016xL031,5.17710217185642
1_AN_LN,L016xL032,8.292907881053491
1_AN_LN,L016xL034,2.45704581205349
1_AN_LN,L016xL038,3.51627445428033
1_AN_LN,L016xL042,3.89638862104735
1_AN_LN,L016xL043,7.911324613140439
1_AN_LN,L016xL045,2.2286474694481613
1_AN_LN,L016xL046,6.723624046446521
1_AN_LN,L016xL047,5.90059261005349
1_AN_LN,L016xL049,5.995700346678733
1_AN_LN,L016xL055,2.9274320582552074
1_AN_LN,L016xL056,3.7463722000473503
1_AN_LN,L017xL014C,3.3057002948549243
1_AN_LN,L017xL018,5.078275754168253
1_AN_LN,L017xL023,2.416893671716538
1_AN_LN,L017xL029,5.770821497059224
1_AN_LN,L017xL032,7.41928848814044
1_AN_LN,L017xL034,4.91721994031307
1_AN_LN,L017xL037,5.1231522995877805
1_AN_LN,L017xL043,3.4533801549924057
1_AN_LN,L017xL045,5.881791695280329
1_AN_LN,L017xL046,4.8005635655623315
1_AN_LN,L017xL047,3.7048416432389697
1_AN_LN,L017xL048,2.9195869345718735
1_AN_LN,L017xL049,5.420560773678733
1_AN_LN,L017xL055,6.41845607558778
1_AN_LN,L017xL056,5.079011231694512
1_AN_LN,L018xL007B,5.360361140168253
1_AN_LN,L018xL014B,5.801211619491071
1_AN_LN,L018xL024,7.5265051559475085
1_AN_LN,L018xL025,6.296860830716537
1_AN_LN,L018xL027,6.505183980446521
1_AN_LN,L018xL032,7.577861865491071
1_AN_LN,L018xL033,7.140242818491071
1_AN_LN,L018xL038,6.395188726168253
1_AN_LN,L018xL039,7.328797826491072
1_AN_LN,L018xL041,4.083293427711072
1_AN_LN,L018xL044,4.058452998491071
1_AN_LN,L018xL046,4.889363145468301
1_AN_LN,L018xL055,4.775602883468301
1_AN_LN,L018xL056,6.084232965491071
1_AN_LN,L019xL014B,4.953628630284092
1_AN_LN,L019xL024,4.34746341985642
1_AN_LN,L019xL027,2.1550105494593312
1_AN_LN,L019xL028,7.4038308657311
1_AN_LN,L019xL029,6.250563213731101
1_AN_LN,L019xL031,4.478144978059223
1_AN_LN,L019xL032,8.350597831348688
1_AN_LN,L019xL034,5.750499309348689
1_AN_LN,L019xL035,5.63650347224706
1_AN_LN,L019xL045,7.945175362711726
1_AN_LN,L019xL058,6.076205817001928
1_AN_LN,L022xL033,4.071667602702885
1_AN_LN,L022xL044,4.96518842358778
1_AN_LN,L023xL007B,6.723894230167441
1_AN_LN,L023xL014C,4.802104498947509
1_AN_LN,L023xL024,5.541264847059224
1_AN_LN,L023xL025,3.1125928966197622
1_AN_LN,L023xL026,3.820345441146366
1_AN_LN,L023xL027,7.026829791001928
1_AN_LN,L023xL028,6.344943008059223
1_AN_LN,L023xL029,4.822263453571874
1_AN_LN,L023xL031,6.9562576340534905
1_AN_LN,L023xL032,3.668069096348689
1_AN_LN,L023xL033,1.8870244274910712
1_AN_LN,L023xL034,5.759777023348647
1_AN_LN,L023xL035,3.821725075309737
1_AN_LN,L023xL038,6.285036727522014
1_AN_LN,L023xL042,3.979717307694511
1_AN_LN,L023xL043,3.803586204816801
1_AN_LN,L023xL045,8.38503603131307
1_AN_LN,L023xL046,6.18850031114044
1_AN_LN,L023xL047,5.897974859140439
1_AN_LN,L023xL048,4.206057592619762
1_AN_LN,L023xL054,0.3049943144481614
1_AN_LN,L023xL055,4.163839616985673
1_AN_LN,L023xL056,4.2784996864481615
1_AN_LN,L024xL007B,4.868341133587781
1_AN_LN,L024xL014B,5.067057874716538
1_AN_LN,L024xL014C,3.3757376143486475
1_AN_LN,L024xL025,4.693184029619762
1_AN_LN,L024xL026,1.7101748752330859
1_AN_LN,L024xL027,4.205175018167441
1_AN_LN,L024xL028,5.372843203678733
1_AN_LN,L024xL032,6.677116924348647
1_AN_LN,L024xL033,4.161494145168253
1_AN_LN,L024xL034,4.029821252280329
1_AN_LN,L024xL037,8.126721201562331
1_AN_LN,L024xL038,5.223442527233086
1_AN_LN,L024xL039,3.8881417519856725
1_AN_LN,L024xL044,4.803116322694512
1_AN_LN,L024xL046,9.412049797985674
1_AN_LN,L024xL048,4.942184521146366
1_AN_LN,L024xL049,6.82539195935315
1_AN_LN,L024xL055,6.737727624255207
1_AN_LN,L024xL056,6.481669128233086
1_AN_LN,L024xL058,7.010062800716537
1_AN_LN,L025xL014B,6.080671714619762
1_AN_LN,L025xL028,2.837650367619762
1_AN_LN,L025xL029,3.2497958907110713
1_AN_LN,L025xL033,2.2567937055220133
1_AN_LN,L025xL035,2.0461177297110718
1_AN_LN,L025xL041,1.0170693767110717
1_AN_LN,L025xL046,3.1866960194910714
1_AN_LN,L025xL047,3.055762026619762
1_AN_LN,L025xL049,5.598416579711072
1_AN_LN,L025xL055,4.115822162711072
1_AN_LN,L025xL056,7.0056537865736654
1_AN_LN,L026xL007B,2.3812616199856724
1_AN_LN,L026xL028,4.530279759146366
1_AN_LN,L026xL029,3.75617169223897
1_AN_LN,L026xL031,5.5113112652389695
1_AN_LN,L026xL033,1.5415575712389697
1_AN_LN,L026xL035,5.275320810146366
1_AN_LN,L026xL037,4.900128614985673
1_AN_LN,L026xL038,1.4914754692389698
1_AN_LN,L026xL039,5.380279759146366
1_AN_LN,L026xL044,5.614140535167441
1_AN_LN,L026xL045,7.525907783694512
1_AN_LN,L026xL046,5.139237389702885
1_AN_LN,L026xL048,3.5202074034481616
1_AN_LN,L026xL049,5.5078082478564205
1_AN_LN,L027xL031,4.1486913688377545
1_AN_LN,L027xL032,6.509601057446521
1_AN_LN,L027xL034,6.072320544562332
1_AN_LN,L027xL035,4.411431175167441
1_AN_LN,L027xL037,8.833621625702884
1_AN_LN,L027xL038,3.1222823231682537
1_AN_LN,L027xL042,4.896124525284091
1_AN_LN,L027xL048,7.668241942001928
1_AN_LN,L027xL049,5.87215065758778
1_AN_LN,L027xL054,3.223387867562332
1_AN_LN,L027xL055,5.628599415446521
1_AN_LN,L027xL056,6.459703354001928
1_AN_LN,L028xL034,4.6969462920592235
1_AN_LN,L028xL042,6.592081839694512
1_AN_LN,L028xL045,6.260107266181579
1_AN_LN,L028xL049,3.179739755678733
1_AN_LN,L028xL054,5.4272760962803295
1_AN_LN,L028xL055,4.9640234680592235
1_AN_LN,L029xL007B,7.926523804731101
1_AN_LN,L029xL014B,5.773816432348647
1_AN_LN,L029xL014C,4.129603548238969
1_AN_LN,L029xL033,4.463411111522014
1_AN_LN,L029xL034,7.368631361233086
1_AN_LN,L029xL035,5.207305540619762
1_AN_LN,L029xL038,5.657244919468301
1_AN_LN,L029xL039,7.009785456001929
1_AN_LN,L029xL041,6.834261617181579
1_AN_LN,L029xL042,3.7188520520534905
1_AN_LN,L029xL043,5.931097724992406
1_AN_LN,L029xL047,4.471427492001928
1_AN_LN,L029xL048,5.944915768353149
1_AN_LN,L031xL032,7.338179678459332
1_AN_LN,L031xL034,2.705708537233086
1_AN_LN,L031xL035,5.422398381247061
1_AN_LN,L031xL039,5.828069096348689
1_AN_LN,L031xL042,6.001166459146366
1_AN_LN,L031xL049,7.162896892348647
1_AN_LN,L031xL058,4.5286714280534905
1_AN_LN,L032xL007B,5.197553845059224
1_AN_LN,L032xL014B,6.565690020856421
1_AN_LN,L032xL014C,5.307777815140439
1_AN_LN,L032xL033,3.524232129522013
1_AN_LN,L032xL034,8.80631947523897
1_AN_LN,L032xL035,4.910720056992406
1_AN_LN,L032xL037,8.581466409837756
1_AN_LN,L032xL038,6.85132032734869
1_AN_LN,L032xL039,6.364385174309738
1_AN_LN,L032xL042,7.572369529837755
1_AN_LN,L032xL043,3.9552942643486473
1_AN_LN,L032xL044,4.747501224716538
1_AN_LN,L032xL045,4.0657702453486895
1_AN_LN,L032xL046,4.0425436356197615
1_AN_LN,L032xL047,7.006334712694512
1_AN_LN,L032xL049,4.88984678114044
1_AN_LN,L032xL058,6.3608206075877805
1_AN_LN,L033xL007B,5.468353640522014
1_AN_LN,L033xL034,3.999698684233086
1_AN_LN,L033xL035,3.0626939482470603
1_AN_LN,L033xL037,4.305003886522013
1_AN_LN,L033xL038,1.9835603377165376
1_AN_LN,L033xL041,5.314633490711727
1_AN_LN,L033xL043,5.3690432955220135
1_AN_LN,L033xL046,5.82447773931307
1_AN_LN,L033xL047,5.4398752038168015
1_AN_LN,L033xL048,2.501457088522013
1_AN_LN,L033xL049,4.610167743468301
1_AN_LN,L033xL054,8.621752654522012
1_AN_LN,L033xL056,7.008682047522013
1_AN_LN,L034xL007B,4.453016492446522
1_AN_LN,L034xL014C,2.9816589360592234
1_AN_LN,L034xL038,4.361003518280329
1_AN_LN,L034xL039,5.333253835167441
1_AN_LN,L034xL042,3.448574120947509
1_AN_LN,L034xL043,9.25443113423897
1_AN_LN,L034xL044,2.6455649826197623
1_AN_LN,L034xL045,4.719304596233085
1_AN_LN,L034xL046,4.532791940059223
1_AN_LN,L034xL047,6.9538611234593315
1_AN_LN,L034xL048,5.319403118233086
1_AN_LN,L034xL049,5.039036119731101
1_AN_LN,L034xL055,3.1439345212552072
1_AN_LN,L034xL058,4.380675664854924
1_AN_LN,L035xL007B,5.237765751001929
1_AN_LN,L035xL014B,5.247434099522014
1_AN_LN,L035xL014C,3.4349528884481613
1_AN_LN,L035xL037,5.50917396231307
1_AN_LN,L035xL038,5.9865318164910715
1_AN_LN,L035xL041,2.8377862007117267
1_AN_LN,L035xL045,7.092661107247061
1_AN_LN,L035xL046,5.086779169992406
1_AN_LN,L035xL047,4.525874165522014
1_AN_LN,L035xL056,6.7095013284481615
1_AN_LN,L035xL058,4.350126509446521
1_AN_LN,L037xL007B,3.864866993816801
1_AN_LN,L037xL038,6.562986066992406
1_AN_LN,L037xL039,3.945074505146366
1_AN_LN,L037xL041,4.420380617711727
1_AN_LN,L037xL045,4.182156340562331
1_AN_LN,L037xL046,3.3662721675877805
1_AN_LN,L037xL048,4.1645205207311005
1_AN_LN,L037xL049,5.598638047309738
1_AN_LN,L037xL055,8.004488031562332
1_AN_LN,L037xL056,3.443348674001928
1_AN_LN,L037xL058,4.25007425685642
1_AN_LN,L038xL042,0.8381555238549243
1_AN_LN,L038xL043,2.9767517177117266
1_AN_LN,L038xL045,7.868629434181579
1_AN_LN,L038xL046,3.8230705001682534
1_AN_LN,L038xL048,5.1812782315718735
1_AN_LN,L038xL049,7.1621888287311
1_AN_LN,L038xL054,3.8389136995718736
1_AN_LN,L038xL055,4.028515802255207
1_AN_LN,L038xL056,4.707786791468301
1_AN_LN,L038xL058,5.95792601531307
1_AN_LN,L039xL041,5.576594924448162
1_AN_LN,L039xL042,2.4502474050473504
1_AN_LN,L039xL043,3.8644857077117267
1_AN_LN,L039xL044,2.0575662994910715
1_AN_LN,L039xL045,6.976174669146366
1_AN_LN,L039xL046,4.715409207348647
1_AN_LN,L039xL049,6.3840115658377545
1_AN_LN,L039xL056,4.264374724348647
1_AN_LN,L039xL058,6.003672099448162
1_AN_LN,L041xL007B,9.421315967459332
1_AN_LN,L041xL014C,3.3740543086197623
1_AN_LN,L041xL046,5.129220567181579
1_AN_LN,L041xL047,5.012071657947509
1_AN_LN,L041xL058,6.944149497446521
1_AN_LN,L042xL007B,2.8198353865877803
1_AN_LN,L042xL043,2.124060750731101
1_AN_LN,L042xL045,6.080429410678732
1_AN_LN,L042xL046,3.3712782315718735
1_AN_LN,L042xL047,3.9716116248549245
1_AN_LN,L042xL049,6.715125582854924
1_AN_LN,L043xL007B,3.978313976562332
1_AN_LN,L043xL014B,6.638306263992406
1_AN_LN,L043xL014C,5.335737272816801
1_AN_LN,L043xL044,5.737799261587781
1_AN_LN,L043xL048,6.142821862992406
1_AN_LN,L043xL049,8.463828373854925
1_AN_LN,L043xL054,2.49834342028033
1_AN_LN,L043xL055,6.038417279255207
1_AN_LN,L043xL056,6.631705278992405
1_AN_LN,L043xL058,6.169882618992406
1_AN_LN,L044xL007B,6.331599341816801
1_AN_LN,L044xL014C,6.835949444562331
1_AN_LN,L044xL025,1.8064132957110715
1_AN_LN,L044xL045,6.837588899947509
1_AN_LN,L044xL046,6.028642018235437
1_AN_LN,L044xL047,8.048064826854924
1_AN_LN,L044xL048,4.189348183837755
1_AN_LN,L044xL049,3.3098964583130703
1_AN_LN,L044xL055,4.084717641837755
1_AN_LN,L044xL056,4.748034554837755
1_AN_LN,L044xL058,6.03871419231307
1_AN_LN,L045xL007B,6.4690706058168015
1_AN_LN,L045xL014B,8.676333935522013
1_AN_LN,L045xL046,9.230298515711725
1_AN_LN,L045xL047,7.6939438357117265
1_AN_LN,L045xL048,4.331659933053491
1_AN_LN,L045xL049,6.297906938181579
1_AN_LN,L045xL054,6.794737808181579
1_AN_LN,L045xL055,6.747625956348647
1_AN_LN,L045xL056,7.1081310277117264
1_AN_LN,L046xL007B,8.397141777001929
1_AN_LN,L046xL014C,3.2305532733130704
1_AN_LN,L046xL047,2.410260286992406
1_AN_LN,L046xL048,2.203465309146366
1_AN_LN,L046xL054,6.604989233571874
1_AN_LN,L046xL055,5.898847826985673
1_AN_LN,L046xL058,3.896540577562332
1_AN_LN,L047xL007B,3.489472109992406
1_AN_LN,L047xL014C,4.289644025562332
1_AN_LN,L047xL049,6.095428074711072
1_AN_LN,L047xL055,5.623914612816801
1_AN_LN,L048xL007B,5.379431853816801
1_AN_LN,L048xL014C,4.110162683619762
1_AN_LN,L048xL056,10.13489090123897
1_AN_LN,L048xL058,5.026488381459332
1_AN_LN,L049xL014B,5.399197883678733
1_AN_LN,L049xL054,4.450867531985672
1_AN_LN,L054xL007B,4.333106052167441
1_AN_LN,L054xL055,2.5298875386787327
1_AN_LN,L055xL007B,5.452773961001928
1_AN_LN,L055xL014C,6.539636004985672
1_AN_LN,L055xL056,7.4502816276787325
1_AN_LN,L055xL058,7.185381024446521
1_AN_LN,L056xL007B,4.530146704001928
1_AN_LN,L056xL047,4.6336955902470605
1_AN_LN,L058xL007B,5.287057208694511
1_AN_LN,L058xL014C,6.056639099562331
1_AN_IN,L001xL002,8.64
1_AN_IN,L001xL003,6.121773399
1_AN_IN,L001xL005,5.806896552
1_AN_IN,L001xL014C,8.077241379
1_AN_IN,L001xL023,4.686699507
1_AN_IN,L001xL034,7.884745484
1_AN_IN,L001xL038,6.216896552
1_AN_IN,L001xL039,9.375238095
1_AN_IN,L001xL046,10.31802956
1_AN_IN,L001xL056,9.12955665
1_AN_IN,L002xL003,7.82226601
1_AN_IN,L002xL008,7.330837438
1_AN_IN,L002xL010,7.76
1_AN_IN,L002xL014,7.495632184
1_AN_IN,L002xL014C,3.989228243
1_AN_IN,L002xL015,9.313563218
1_AN_IN,L002xL016,9.52729064
1_AN_IN,L002xL017,8.752939245
1_AN_IN,L002xL019,11.69655172
1_AN_IN,L002xL022,8.086305419
1_AN_IN,L002xL023,6.673103448
1_AN_IN,L002xL029,9.803037767
1_AN_IN,L002xL031,8.834646962
1_AN_IN,L002xL034,4.971034483
1_AN_IN,L002xL038,7.941724138
1_AN_IN,L002xL041,9.763661741
1_AN_IN,L002xL045,11.51098522
1_AN_IN,L002xL056,10.1816092
1_AN_IN,L003xL005,6.729474548
1_AN_IN,L003xL006,7.722561576
1_AN_IN,L003xL007,7.845517241
1_AN_IN,L003xL008,6.74137931
1_AN_IN,L003xL010,4.024433498
1_AN_IN,L003xL011,6.353990148
1_AN_IN,L003xL013,5.824827586
1_AN_IN,L003xL014B,6.76729064
1_AN_IN,L003xL015,3.154351396
1_AN_IN,L003xL023,5.572906404
1_AN_IN,L003xL026,4.010591133
1_AN_IN,L003xL028,3.027881773
1_AN_IN,L003xL029,5.375599343
1_AN_IN,L003xL031,6.50591133
1_AN_IN,L003xL034,6.008850575
1_AN_IN,L003xL039,8.515566502
1_AN_IN,L003xL041,6.587848933
1_AN_IN,L003xL042,4.814696223
1_AN_IN,L003xL043,6.60180624
1_AN_IN,L003xL044,4.667586207
1_AN_IN,L003xL045,6.283546798
1_AN_IN,L003xL047,2.064137931
1_AN_IN,L003xL048,4.885714286
1_AN_IN,L003xL049,7.16183908
1_AN_IN,L003xL056,6.510394089
1_AN_IN,L005xL006,5.055500821
1_AN_IN,L005xL007,7.187848933
1_AN_IN,L005xL008,5.505648604
1_AN_IN,L005xL014C,3.164137931
1_AN_IN,L005xL015,6.372807882
1_AN_IN,L005xL017,6.279934319
1_AN_IN,L005xL024,3.793399015
1_AN_IN,L005xL035,6.410344828
1_AN_IN,L005xL038,2.056551724
1_AN_IN,L005xL039,3.8391133
1_AN_IN,L005xL041,5.50272578
1_AN_IN,L005xL044,5.063727422
1_AN_IN,L005xL045,7.175172414
1_AN_IN,L005xL046,5.683152709
1_AN_IN,L005xL047,5.614827586
1_AN_IN,L005xL048,5.314712644
1_AN_IN,L005xL055,4.683793103
1_AN_IN,L005xL056,2.885763547
1_AN_IN,L006xL007,4.545336617
1_AN_IN,L006xL007B,3.703037767
1_AN_IN,L006xL011,2.48954023
1_AN_IN,L006xL013,6.038489327
1_AN_IN,L006xL014C,4.954844007
1_AN_IN,L006xL015,4.809458128
1_AN_IN,L006xL016,7.09955665
1_AN_IN,L006xL018,8.872955665
1_AN_IN,L006xL022,5.791494253
1_AN_IN,L006xL023,6.865812808
1_AN_IN,L006xL025,3.517241379
1_AN_IN,L006xL026,4.897339901
1_AN_IN,L006xL029,8.157586207
1_AN_IN,L006xL031,7.092413793
1_AN_IN,L006xL033,4.100558292
1_AN_IN,L006xL034,6.688604269
1_AN_IN,L006xL037,3.905287356
1_AN_IN,L006xL038,3.505747126
1_AN_IN,L006xL039,5.469917898
1_AN_IN,L006xL041,4.169064039
1_AN_IN,L006xL042,3.806568144
1_AN_IN,L006xL049,5.686666667
1_AN_IN,L006xL054,2.98679803
1_AN_IN,L006xL058,8.596091954
1_AN_IN,L007xL008,8.740344828
1_AN_IN,L007xL010,5.206075534
1_AN_IN,L007xL011,7.539178982
1_AN_IN,L007xL012,6.937536946
1_AN_IN,L007xL014B,6.895402299
1_AN_IN,L007xL015,8.827060755
1_AN_IN,L007xL017,9.012610837
1_AN_IN,L007xL019,4.237569787
1_AN_IN,L007xL027,6.406912972
1_AN_IN,L007xL031,8.104958949
1_AN_IN,L007xL033,9.962397373
1_AN_IN,L007xL034,5.638029557
1_AN_IN,L007xL037,3.459622332
1_AN_IN,L007xL038,5.952216749
1_AN_IN,L007xL044,5.464827586
1_AN_IN,L007xL046,9.300361248
1_AN_IN,L007xL048,8.583743842
1_AN_IN,L007xL049,7.458374384
1_AN_IN,L007xL058,8.419441708
1_AN_IN,L008xL011,8.111625616
1_AN_IN,L008xL012,7.22364532
1_AN_IN,L008xL013,6.970968801
1_AN_IN,L008xL014C,6.314252874
1_AN_IN,L008xL015,4.271428571
1_AN_IN,L008xL016,6.251231527
1_AN_IN,L008xL017,8.372643678
1_AN_IN,L008xL018,7.179490969
1_AN_IN,L008xL023,6.008850575
1_AN_IN,L008xL024,8.39
1_AN_IN,L008xL025,4.536124795
1_AN_IN,L008xL026,4.840591133
1_AN_IN,L008xL027,3.329655172
1_AN_IN,L008xL029,7.570870279
1_AN_IN,L008xL032,8.053366174
1_AN_IN,L008xL033,6.157142857
1_AN_IN,L008xL034,6.847093596
1_AN_IN,L008xL035,8.181280788
1_AN_IN,L008xL037,6.634482759
1_AN_IN,L008xL039,6.139441708
1_AN_IN,L008xL041,6.721576355
1_AN_IN,L008xL042,6.96591133
1_AN_IN,L008xL043,5.890049261
1_AN_IN,L008xL045,9.228866995
1_AN_IN,L008xL046,8.47001642
1_AN_IN,L008xL047,5.985155993
1_AN_IN,L008xL049,5.797766831
1_AN_IN,L010xL007B,6.163612479
1_AN_IN,L010xL011,3.657142857
1_AN_IN,L010xL013,6.847126437
1_AN_IN,L010xL014,6.305172414
1_AN_IN,L010xL014C,4.624893268
1_AN_IN,L010xL019,6.983448276
1_AN_IN,L010xL022,5.088916256
1_AN_IN,L010xL023,4.272972085
1_AN_IN,L010xL027,4.857142857
1_AN_IN,L010xL029,7.938850575
1_AN_IN,L010xL034,5.513793103
1_AN_IN,L010xL038,4.117405583
1_AN_IN,L010xL039,5.993103448
1_AN_IN,L010xL041,4.075041051
1_AN_IN,L010xL042,0.683763082
1_AN_IN,L010xL043,5.266338259
1_AN_IN,L010xL045,5.7591133
1_AN_IN,L010xL046,5.630640394
1_AN_IN,L010xL048,7.580131363
1_AN_IN,L010xL049,5.973793103
1_AN_IN,L010xL055,8.743842365
1_AN_IN,L010xL056,6.975862069
1_AN_IN,L010xL058,9.446239737
1_AN_IN,L011xL012,6.588965517
1_AN_IN,L011xL013,3.756190476
1_AN_IN,L011xL015,6.622988506
1_AN_IN,L011xL016,5.423004926
1_AN_IN,L011xL018,7.044334975
1_AN_IN,L011xL022,6.903021346
1_AN_IN,L011xL023,5.436945813
1_AN_IN,L011xL024,6.370985222
1_AN_IN,L011xL029,7.470738916
1_AN_IN,L011xL033,5.334975369
1_AN_IN,L011xL037,5.272577997
1_AN_IN,L011xL038,4.047504105
1_AN_IN,L011xL043,5.562413793
1_AN_IN,L011xL046,5.319146141
1_AN_IN,L011xL048,7.006321839
1_AN_IN,L011xL049,7.23546798
1_AN_IN,L011xL056,2.262331691
1_AN_IN,L011xL058,4.639802956
1_AN_IN,L012xL007B,6.028965517
1_AN_IN,L012xL013,5.493267652
1_AN_IN,L012xL018,8.164022989
1_AN_IN,L012xL029,8.720344828
1_AN_IN,L012xL033,7.056026273
1_AN_IN,L012xL037,6.165517241
1_AN_IN,L012xL041,8.606896552
1_AN_IN,L012xL042,6.223448276
1_AN_IN,L012xL046,4.010328407
1_AN_IN,L012xL048,7.570870279
1_AN_IN,L012xL058,5.417816092
1_AN_IN,L013xL015,6.226551724
1_AN_IN,L013xL019,7.817027915
1_AN_IN,L013xL023,6.829195402
1_AN_IN,L013xL024,4.771428571
1_AN_IN,L013xL029,7.13952381
1_AN_IN,L013xL031,6.626305419
1_AN_IN,L013xL032,7.610640394
1_AN_IN,L013xL033,6.595599343
1_AN_IN,L013xL034,6.977142857
1_AN_IN,L013xL035,6.253448276
1_AN_IN,L013xL037,6.071428571
1_AN_IN,L013xL038,4.225714286
1_AN_IN,L013xL039,4.429392447
1_AN_IN,L013xL044,5.094417077
1_AN_IN,L013xL045,7.815665025
1_AN_IN,L013xL046,6.535336617
1_AN_IN,L013xL047,4.679655172
1_AN_IN,L013xL048,4.977701149
1_AN_IN,L013xL054,7.342758621
1_AN_IN,L013xL055,5.508456486
1_AN_IN,L014xL016,7.331773399
1_AN_IN,L014xL017,6.359852217
1_AN_IN,L014xL018,6.653119869
1_AN_IN,L014xL023,7.023448276
1_AN_IN,L014xL026,6.359852217
1_AN_IN,L014xL029,7.32954023
1_AN_IN,L014xL032,10.07024631
1_AN_IN,L014xL034,5.468390805
1_AN_IN,L014xL037,6.058062397
1_AN_IN,L014xL038,5.075517241
1_AN_IN,L014xL044,4.151313629
1_AN_IN,L014xL045,8.883743842
1_AN_IN,L014xL046,6.679934319
1_AN_IN,L014xL047,5.56137931
1_AN_IN,L014xL055,4.380673235
1_AN_IN,L014xL056,7.707093596
1_AN_IN,L014xL058,7.87862069
1_AN_IN,L015xL007B,8.582068966
1_AN_IN,L015xL016,5.333382594
1_AN_IN,L015xL017,4.047898194
1_AN_IN,L015xL018,6.621921182
1_AN_IN,L015xL023,6.423513957
1_AN_IN,L015xL025,7.521527094
1_AN_IN,L015xL028,6.922824302
1_AN_IN,L015xL029,6.364696223
1_AN_IN,L015xL031,7.232873563
1_AN_IN,L015xL033,1.532216749
1_AN_IN,L015xL037,6.566157635
1_AN_IN,L015xL041,9.14771757
1_AN_IN,L015xL042,2.778702791
1_AN_IN,L015xL043,3.63
1_AN_IN,L015xL044,7.153793103
1_AN_IN,L015xL045,5.65044335
1_AN_IN,L015xL046,5.774975369
1_AN_IN,L015xL047,3.156420361
1_AN_IN,L015xL049,6.452610837
1_AN_IN,L015xL055,5.458390805
1_AN_IN,L015xL056,8.174942529
1_AN_IN,L015xL058,3.980344828
1_AN_IN,L016xL014C,5.278817734
1_AN_IN,L016xL017,9.699261084
1_AN_IN,L016xL019,9.589195402
1_AN_IN,L016xL025,9.20407225
1_AN_IN,L016xL026,5.478768473
1_AN_IN,L016xL031,7.355402299
1_AN_IN,L016xL032,9.038423645
1_AN_IN,L016xL034,7.412807882
1_AN_IN,L016xL038,5.669228243
1_AN_IN,L016xL042,4.955566502
1_AN_IN,L016xL043,7.517865353
1_AN_IN,L016xL045,9.560755337
1_AN_IN,L016xL046,9.171724138
1_AN_IN,L016xL047,6.001182266
1_AN_IN,L016xL049,6.964696223
1_AN_IN,L016xL055,5.529195402
1_AN_IN,L016xL056,8.957142857
1_AN_IN,L017xL014C,6.304975369
1_AN_IN,L017xL018,6.392446634
1_AN_IN,L017xL023,5.65270936
1_AN_IN,L017xL029,6.726535304
1_AN_IN,L017xL032,7.993513957
1_AN_IN,L017xL034,5.186009852
1_AN_IN,L017xL037,6.149261084
1_AN_IN,L017xL043,4.455829228
1_AN_IN,L017xL045,7.487586207
1_AN_IN,L017xL046,3.903251232
1_AN_IN,L017xL047,2.247931034
1_AN_IN,L017xL048,5.910032841
1_AN_IN,L017xL049,5.325221675
1_AN_IN,L017xL055,6.121428571
1_AN_IN,L017xL056,6.657635468
1_AN_IN,L018xL007B,7.402610837
1_AN_IN,L018xL014B,5.177044335
1_AN_IN,L018xL024,8.360788177
1_AN_IN,L018xL025,7.646108374
1_AN_IN,L018xL027,6.149261084
1_AN_IN,L018xL032,7.532019704
1_AN_IN,L018xL033,5.325418719
1_AN_IN,L018xL038,5.516551724
1_AN_IN,L018xL039,7.0272578
1_AN_IN,L018xL041,10.40640394
1_AN_IN,L018xL044,5.457307061
1_AN_IN,L018xL046,7.75635468
1_AN_IN,L018xL055,10.1720197
1_AN_IN,L018xL056,7.134630542
1_AN_IN,L019xL014B,6.285254516
1_AN_IN,L019xL024,8.29952381
1_AN_IN,L019xL027,2.440197044
1_AN_IN,L019xL028,8.011756979
1_AN_IN,L019xL029,8.638275862
1_AN_IN,L019xL031,8.740098522
1_AN_IN,L019xL032,11.26463054
1_AN_IN,L019xL034,8.02545156
1_AN_IN,L019xL035,7.454712644
1_AN_IN,L019xL045,7.771904762
1_AN_IN,L019xL058,3.838259442
1_AN_IN,L022xL033,5.931330049
1_AN_IN,L022xL044,6.973596059
1_AN_IN,L023xL007B,6.429014778
1_AN_IN,L023xL014C,7.464827586
1_AN_IN,L023xL024,7.020525452
1_AN_IN,L023xL025,3.839408867
1_AN_IN,L023xL026,6.806896552
1_AN_IN,L023xL027,5.820689655
1_AN_IN,L023xL028,5.21090312
1_AN_IN,L023xL029,6.847011494
1_AN_IN,L023xL031,7.097241379
1_AN_IN,L023xL032,8.303448276
1_AN_IN,L023xL033,7.000837438
1_AN_IN,L023xL034,7.120197044
1_AN_IN,L023xL035,6.729474548
1_AN_IN,L023xL038,8.068045977
1_AN_IN,L023xL042,4.918752053
1_AN_IN,L023xL043,6.161871921
1_AN_IN,L023xL045,8.981740558
1_AN_IN,L023xL046,5.213793103
1_AN_IN,L023xL047,7.218719212
1_AN_IN,L023xL048,5.889392447
1_AN_IN,L023xL054,3.324926108
1_AN_IN,L023xL055,6.100394089
1_AN_IN,L023xL056,7.079195402
1_AN_IN,L024xL007B,7.698357964
1_AN_IN,L024xL014B,5.44729064
1_AN_IN,L024xL014C,7.412988506
1_AN_IN,L024xL025,4.024630542
1_AN_IN,L024xL026,6.121428571
1_AN_IN,L024xL027,5.654811166
1_AN_IN,L024xL028,6.107142857
1_AN_IN,L024xL032,7.337536946
1_AN_IN,L024xL033,5.792972085
1_AN_IN,L024xL034,4.13819376
1_AN_IN,L024xL037,6.734384236
1_AN_IN,L024xL038,5.132068966
1_AN_IN,L024xL039,6.34729064
1_AN_IN,L024xL044,6.817208539
1_AN_IN,L024xL046,5.740771757
1_AN_IN,L024xL048,8.442364532
1_AN_IN,L024xL049,7.299671593
1_AN_IN,L024xL055,8.285057471
1_AN_IN,L024xL056,6.189950739
1_AN_IN,L024xL058,5.11816092
1_AN_IN,L025xL014B,5.444597701
1_AN_IN,L025xL028,4.071625616
1_AN_IN,L025xL029,5.69182266
1_AN_IN,L025xL033,3.322167488
1_AN_IN,L025xL035,3.506272578
1_AN_IN,L025xL041,3.703908046
1_AN_IN,L025xL046,3.302857143
1_AN_IN,L025xL047,5.791921182
1_AN_IN,L025xL049,4.936091954
1_AN_IN,L025xL055,3.154351396
1_AN_IN,L025xL056,6.35635468
1_AN_IN,L026xL007B,5.292857143
1_AN_IN,L026xL028,4.335977011
1_AN_IN,L026xL029,3.075057471
1_AN_IN,L026xL031,4.612019704
1_AN_IN,L026xL033,2.035862069
1_AN_IN,L026xL035,4.681198686
1_AN_IN,L026xL037,5.084384236
1_AN_IN,L026xL038,3.579310345
1_AN_IN,L026xL039,5.051937603
1_AN_IN,L026xL044,4.467389163
1_AN_IN,L026xL045,6.70410509
1_AN_IN,L026xL046,4.592939245
1_AN_IN,L026xL048,7.114285714
1_AN_IN,L026xL049,8.100295567
1_AN_IN,L027xL031,4.875960591
1_AN_IN,L027xL032,6.954384236
1_AN_IN,L027xL034,7.644958949
1_AN_IN,L027xL035,6.9872578
1_AN_IN,L027xL037,5.676847291
1_AN_IN,L027xL038,4.369605911
1_AN_IN,L027xL042,5.231034483
1_AN_IN,L027xL048,6.854351396
1_AN_IN,L027xL049,4.742298851
1_AN_IN,L027xL054,6.405188834
1_AN_IN,L027xL055,5.633431856
1_AN_IN,L027xL056,7.405763547
1_AN_IN,L028xL034,6.613957307
1_AN_IN,L028xL042,6.667126437
1_AN_IN,L028xL045,6.795665025
1_AN_IN,L028xL049,6.099704433
1_AN_IN,L028xL054,5.126009852
1_AN_IN,L028xL055,7.831330049
1_AN_IN,L029xL007B,7.620344828
1_AN_IN,L029xL014B,7.575960591
1_AN_IN,L029xL014C,7.897208539
1_AN_IN,L029xL033,3.930344828
1_AN_IN,L029xL034,4.033990148
1_AN_IN,L029xL035,5.060098522
1_AN_IN,L029xL038,6.760853859
1_AN_IN,L029xL039,8.541970443
1_AN_IN,L029xL041,6.196387521
1_AN_IN,L029xL042,5.840738916
1_AN_IN,L029xL043,8.05862069
1_AN_IN,L029xL047,6.100525452
1_AN_IN,L029xL048,6.971691297
1_AN_IN,L031xL032,8.426206897
1_AN_IN,L031xL034,6.220968801
1_AN_IN,L031xL035,5.200673235
1_AN_IN,L031xL039,8.105615764
1_AN_IN,L031xL042,7.934778325
1_AN_IN,L031xL049,7.079014778
1_AN_IN,L031xL058,5.987684729
1_AN_IN,L032xL007B,6.684318555
1_AN_IN,L032xL014B,8.852151067
1_AN_IN,L032xL014C,6.524860427
1_AN_IN,L032xL033,8.179835796
1_AN_IN,L032xL034,9.9
1_AN_IN,L032xL035,2.733333333
1_AN_IN,L032xL037,7.650377668
1_AN_IN,L032xL038,9.002758621
1_AN_IN,L032xL039,9.542857143
1_AN_IN,L032xL042,5.525057471
1_AN_IN,L032xL043,8.38909688
1_AN_IN,L032xL044,7.283842365
1_AN_IN,L032xL045,8.190213465
1_AN_IN,L032xL046,9.228801314
1_AN_IN,L032xL047,8.716190476
1_AN_IN,L032xL049,8.89773399
1_AN_IN,L032xL058,10.88436782
1_AN_IN,L033xL007B,6.063464696
1_AN_IN,L033xL034,5.014712644
1_AN_IN,L033xL035,4.093267652
1_AN_IN,L033xL037,6.534712644
1_AN_IN,L033xL038,2.582101806
1_AN_IN,L033xL041,3.752068966
1_AN_IN,L033xL043,5.844433498
1_AN_IN,L033xL046,6.279934319
1_AN_IN,L033xL047,5.059359606
1_AN_IN,L033xL048,5.028489327
1_AN_IN,L033xL049,7.742495895
1_AN_IN,L033xL054,7.186206897
1_AN_IN,L033xL056,8.049326765
1_AN_IN,L034xL007B,6.467651888
1_AN_IN,L034xL014C,3.963743842
1_AN_IN,L034xL038,5.58908046
1_AN_IN,L034xL039,7.379310345
1_AN_IN,L034xL042,4.299868637
1_AN_IN,L034xL043,5.389950739
1_AN_IN,L034xL044,7.106535304
1_AN_IN,L034xL045,9.189737274
1_AN_IN,L034xL046,6.036995074
1_AN_IN,L034xL047,4.284893268
1_AN_IN,L034xL048,4.618965517
1_AN_IN,L034xL049,7.152676519
1_AN_IN,L034xL055,4.795665025
1_AN_IN,L034xL058,5.890049261
1_AN_IN,L035xL007B,6.833497537
1_AN_IN,L035xL014B,7.4863711
1_AN_IN,L035xL014C,5.499064039
1_AN_IN,L035xL037,6.216896552
1_AN_IN,L035xL038,5.358095238
1_AN_IN,L035xL041,6.226732348
1_AN_IN,L035xL045,6.143054187
1_AN_IN,L035xL046,3.926683087
1_AN_IN,L035xL047,5.903973727
1_AN_IN,L035xL056,6.064597701
1_AN_IN,L035xL058,5.18318555
1_AN_IN,L037xL007B,6.184729064
1_AN_IN,L037xL038,5.66364532
1_AN_IN,L037xL039,6.727389163
1_AN_IN,L037xL041,5.945747126
1_AN_IN,L037xL045,10.36310345
1_AN_IN,L037xL046,3.158866995
1_AN_IN,L037xL048,7.09183908
1_AN_IN,L037xL049,6.154039409
1_AN_IN,L037xL055,3.644860427
1_AN_IN,L037xL056,6.265123153
1_AN_IN,L037xL058,9.12955665
1_AN_IN,L038xL042,0.754696223
1_AN_IN,L038xL043,5.248949097
1_AN_IN,L038xL045,7.334022989
1_AN_IN,L038xL046,5.597454844
1_AN_IN,L038xL048,7.694581281
1_AN_IN,L038xL049,7.311428571
1_AN_IN,L038xL054,5.283546798
1_AN_IN,L038xL055,5.1727422
1_AN_IN,L038xL056,6.050344828
1_AN_IN,L038xL058,7.341543514
1_AN_IN,L039xL041,7.477832512
1_AN_IN,L039xL042,2.993103448
1_AN_IN,L039xL043,5.876124795
1_AN_IN,L039xL044,6.493793103
1_AN_IN,L039xL045,6.827192118
1_AN_IN,L039xL046,6.816945813
1_AN_IN,L039xL049,10.27152709
1_AN_IN,L039xL056,5.520492611
1_AN_IN,L039xL058,7.256732348
1_AN_IN,L041xL007B,5.074482759
1_AN_IN,L041xL014C,5.72137931
1_AN_IN,L041xL046,8.398423645
1_AN_IN,L041xL047,5.862200328
1_AN_IN,L041xL058,6.991625616
1_AN_IN,L042xL007B,5.524449918
1_AN_IN,L042xL043,3.898390805
1_AN_IN,L042xL045,6.915533662
1_AN_IN,L042xL046,6.411921182
1_AN_IN,L042xL047,5.689950739
1_AN_IN,L042xL049,7.509261084
1_AN_IN,L043xL007B,3.95862069
1_AN_IN,L043xL014B,5.959802956
1_AN_IN,L043xL014C,5.024778325
1_AN_IN,L043xL044,5.234876847
1_AN_IN,L043xL048,6.488341544
1_AN_IN,L043xL049,8.283251232
1_AN_IN,L043xL054,4.05270936
1_AN_IN,L043xL055,5.364499179
1_AN_IN,L043xL056,6.779014778
1_AN_IN,L043xL058,6.625106732
1_AN_IN,L044xL007B,4.415714286
1_AN_IN,L044xL014C,6.544761905
1_AN_IN,L044xL025,3.973004926
1_AN_IN,L044xL045,4.756551724
1_AN_IN,L044xL046,6.873300493
1_AN_IN,L044xL047,6.825615764
1_AN_IN,L044xL048,7.825155993
1_AN_IN,L044xL049,2.051724138
1_AN_IN,L044xL055,8.800328407
1_AN_IN,L044xL056,9.883743842
1_AN_IN,L044xL058,6.218308703
1_AN_IN,L045xL007B,7.780952381
1_AN_IN,L045xL014B,8.471428571
1_AN_IN,L045xL046,9.417011494
1_AN_IN,L045xL047,8.554581281
1_AN_IN,L045xL048,6.180197044
1_AN_IN,L045xL049,6.630344828
1_AN_IN,L045xL054,7.356059113
1_AN_IN,L045xL055,7.393366174
1_AN_IN,L045xL056,11.67950739
1_AN_IN,L046xL007B,6.590722496
1_AN_IN,L046xL014C,4.000788177
1_AN_IN,L046xL047,3.472183908
1_AN_IN,L046xL048,4.524137931
1_AN_IN,L046xL054,6.271034483
1_AN_IN,L046xL055,8.107389163
1_AN_IN,L046xL058,5.827044335
1_AN_IN,L047xL007B,5.813070608
1_AN_IN,L047xL014C,6.93136289
1_AN_IN,L047xL049,6.610082102
1_AN_IN,L047xL055,5.33
1_AN_IN,L048xL007B,8.253004926
1_AN_IN,L048xL014C,6.199014778
1_AN_IN,L048xL056,9.026321839
1_AN_IN,L048xL058,6.979441708
1_AN_IN,L049xL014B,5.876026273
1_AN_IN,L049xL054,6.959802956
1_AN_IN,L054xL007B,5.420689655
1_AN_IN,L054xL055,2.974844007
1_AN_IN,L055xL007B,6.883743842
1_AN_IN,L055xL014C,7.061165846
1_AN_IN,L055xL056,6.596781609
1_AN_IN,L055xL058,8.021018062
1_AN_IN,L056xL007B,6.206896552
1_AN_IN,L056xL047,5.051625616
1_AN_IN,L058xL007B,6.386206897
1_AN_IN,L058xL014C,6.107586207
2_PI_LN,L001xL002,6.152100996720691
2_PI_LN,L001xL003,4.880018635684663
2_PI_LN,L001xL005,4.747557971598718
2_PI_LN,L001xL014C,5.452880788889735
2_PI_LN,L001xL023,3.3430575314437734
2_PI_LN,L001xL034,4.517967779269569
2_PI_LN,L001xL038,4.388092555120226
2_PI_LN,L001xL039,5.123085065598718
2_PI_LN,L001xL046,3.5717214442120646
2_PI_LN,L001xL056,7.369542648631544
2_PI_LN,L002xL003,3.345049271329521
2_PI_LN,L002xL008,4.77760305744912
2_PI_LN,L002xL010,3.5029171755495505
2_PI_LN,L002xL014,4.372897484155524
2_PI_LN,L002xL014C,3.98459029402217
2_PI_LN,L002xL015,4.442128997549551
2_PI_LN,L002xL016,2.973172473443774
2_PI_LN,L002xL017,5.581927167181623
2_PI_LN,L002xL019,5.358038625274609
2_PI_LN,L002xL022,4.786625269691354
2_PI_LN,L002xL023,2.4915823401816235
2_PI_LN,L002xL029,5.317695854504228
2_PI_LN,L002xL031,4.798465425824257
2_PI_LN,L002xL034,4.940692999443773
2_PI_LN,L002xL038,4.106070828078386
2_PI_LN,L002xL041,4.353578725824257
2_PI_LN,L002xL045,5.425554190797107
2_PI_LN,L002xL056,6.26751332779467
2_PI_LN,L003xL005,4.953274504558668
2_PI_LN,L003xL006,3.7431041058897354
2_PI_LN,L003xL007,6.178113874684663
2_PI_LN,L003xL008,4.724622144003455
2_PI_LN,L003xL010,4.459614327821038
2_PI_LN,L003xL011,5.4895769742695695
2_PI_LN,L003xL013,3.6038153033724716
2_PI_LN,L003xL014B,5.014154971269569
2_PI_LN,L003xL015,3.8419986353086006
2_PI_LN,L003xL023,2.9370648689524685
2_PI_LN,L003xL026,1.3344085206913532
2_PI_LN,L003xL028,4.3774327745495505
2_PI_LN,L003xL029,3.799400469003455
2_PI_LN,L003xL031,5.103647001444132
2_PI_LN,L003xL034,4.426582554504228
2_PI_LN,L003xL039,3.670168160233553
2_PI_LN,L003xL041,3.247805055760466
2_PI_LN,L003xL042,4.75858171144912
2_PI_LN,L003xL043,4.159590260194968
2_PI_LN,L003xL044,5.114572086889735
2_PI_LN,L003xL045,5.22449854979467
2_PI_LN,L003xL047,1.69857514344912
2_PI_LN,L003xL048,2.500980573308601
2_PI_LN,L003xL049,5.402839809824258
2_PI_LN,L003xL056,8.141385295181623
2_PI_LN,L005xL006,5.64250840179467
2_PI_LN,L005xL007,5.530097086821037
2_PI_LN,L005xL008,3.977498156269569
2_PI_LN,L005xL014C,2.900858597003455
2_PI_LN,L005xL015,3.0942053575146247
2_PI_LN,L005xL017,6.828409428207683
2_PI_LN,L005xL024,6.510320403821037
2_PI_LN,L005xL035,3.273883425329521
2_PI_LN,L005xL038,3.780515020644293
2_PI_LN,L005xL039,3.1991197665831197
2_PI_LN,L005xL041,2.1757133728242577
2_PI_LN,L005xL044,4.368473421640402
2_PI_LN,L005xL045,3.8510033224441327
2_PI_LN,L005xL046,4.303242036889736
2_PI_LN,L005xL047,2.475340875339093
2_PI_LN,L005xL048,3.650248225308601
2_PI_LN,L005xL055,2.865169413558668
2_PI_LN,L005xL056,4.429854504162058
2_PI_LN,L006xL007,4.958904393504228
2_PI_LN,L006xL007B,5.502158459797107
2_PI_LN,L006xL011,4.820371510212833
2_PI_LN,L006xL013,3.904782124640402
2_PI_LN,L006xL014C,3.7657930991585675
2_PI_LN,L006xL015,3.785932882821037
2_PI_LN,L006xL016,4.80513959913793
2_PI_LN,L006xL018,4.745183539504228
2_PI_LN,L006xL022,5.16418433844912
2_PI_LN,L006xL023,4.701005755952468
2_PI_LN,L006xL025,3.8793998387971067
2_PI_LN,L006xL026,3.6717639774491198
2_PI_LN,L006xL029,5.980571712558668
2_PI_LN,L006xL031,4.982600196372472
2_PI_LN,L006xL033,3.3020697102738783
2_PI_LN,L006xL034,4.236674167155524
2_PI_LN,L006xL037,3.1584751941620577
2_PI_LN,L006xL038,3.3252124808897356
2_PI_LN,L006xL039,3.2900403411555237
2_PI_LN,L006xL041,4.54403615113793
2_PI_LN,L006xL042,3.060868676444133
2_PI_LN,L006xL049,2.9763258921949687
2_PI_LN,L006xL054,2.8250082061585675
2_PI_LN,L006xL058,4.077887912374538
2_PI_LN,L007xL008,2.64363418884565
2_PI_LN,L007xL010,3.814520983760466
2_PI_LN,L007xL011,5.809283492644293
2_PI_LN,L007xL012,4.774506139739191
2_PI_LN,L007xL014B,3.1912559700034553
2_PI_LN,L007xL015,3.346686990269569
2_PI_LN,L007xL017,6.53651147702217
2_PI_LN,L007xL019,2.178201980329521
2_PI_LN,L007xL027,4.429006789078386
2_PI_LN,L007xL031,6.350032031720691
2_PI_LN,L007xL033,4.875585138684663
2_PI_LN,L007xL034,5.2061365100783865
2_PI_LN,L007xL037,4.743168133162057
2_PI_LN,L007xL038,4.846595246952468
2_PI_LN,L007xL044,4.8370942538897355
2_PI_LN,L007xL046,3.6245785862120647
2_PI_LN,L007xL048,2.9213636591949683
2_PI_LN,L007xL049,6.187777285120226
2_PI_LN,L007xL058,7.018218401329521
2_PI_LN,L008xL011,8.2391336772335535
2_PI_LN,L008xL012,3.646362543691353
2_PI_LN,L008xL013,4.8251250160783865
2_PI_LN,L008xL014C,3.2974259602335536
2_PI_LN,L008xL015,4.882306714691353
2_PI_LN,L008xL016,3.7811547148456497
2_PI_LN,L008xL017,4.044570845181623
2_PI_LN,L008xL018,4.4422438457971065
2_PI_LN,L008xL023,3.331205538558668
2_PI_LN,L008xL024,2.5760845470221705
2_PI_LN,L008xL025,2.185350523194969
2_PI_LN,L008xL026,4.475787856598719
2_PI_LN,L008xL027,6.181126007374538
2_PI_LN,L008xL029,4.245794978053733
2_PI_LN,L008xL032,5.639301425155524
2_PI_LN,L008xL033,3.6730776906404023
2_PI_LN,L008xL034,2.7148642256404023
2_PI_LN,L008xL035,3.1757113591016433
2_PI_LN,L008xL037,3.353007213162058
2_PI_LN,L008xL039,3.276627668212833
2_PI_LN,L008xL041,4.669071929598719
2_PI_LN,L008xL042,4.497011665045729
2_PI_LN,L008xL043,3.1201045071816234
2_PI_LN,L008xL045,7.732532534640402
2_PI_LN,L008xL046,4.292028120821037
2_PI_LN,L008xL047,3.6488935515586682
2_PI_LN,L008xL049,6.207884144824257
2_PI_LN,L010xL007B,6.205114952329521
2_PI_LN,L010xL011,4.582951597274608
2_PI_LN,L010xL013,5.456126475444132
2_PI_LN,L010xL014,4.299036331821037
2_PI_LN,L010xL014C,4.83539247313793
2_PI_LN,L010xL019,4.725479752308601
2_PI_LN,L010xL022,4.574387091374539
2_PI_LN,L010xL023,4.58581927458312
2_PI_LN,L010xL027,5.080442436824257
2_PI_LN,L010xL029,6.123009039952468
2_PI_LN,L010xL034,4.398165948514625
2_PI_LN,L010xL038,3.3597644655495507
2_PI_LN,L010xL039,4.781348150444133
2_PI_LN,L010xL041,3.4298746256442927
2_PI_LN,L010xL042,5.990547857181623
2_PI_LN,L010xL043,4.686649817374539
2_PI_LN,L010xL045,7.095547470233553
2_PI_LN,L010xL046,6.40197945702217
2_PI_LN,L010xL048,4.746827645443774
2_PI_LN,L010xL049,5.31785422184565
2_PI_LN,L010xL055,5.455763542158567
2_PI_LN,L010xL056,7.684500923514625
2_PI_LN,L010xL058,5.082326396504228
2_PI_LN,L011xL012,6.71647884479467
2_PI_LN,L011xL013,4.507864924374538
2_PI_LN,L011xL015,4.66150121373919
2_PI_LN,L011xL016,4.489524167101644
2_PI_LN,L011xL018,6.233946045053734
2_PI_LN,L011xL022,5.361086031162057
2_PI_LN,L011xL023,5.3273168115831195
2_PI_LN,L011xL024,6.261163151212064
2_PI_LN,L011xL029,5.381721455120226
2_PI_LN,L011xL033,6.271626360273879
2_PI_LN,L011xL037,4.699181482274608
2_PI_LN,L011xL038,4.387538690514624
2_PI_LN,L011xL043,4.325650807207683
2_PI_LN,L011xL046,4.050055040372471
2_PI_LN,L011xL048,3.066241940207684
2_PI_LN,L011xL049,5.97475248344912
2_PI_LN,L011xL056,4.036670552120225
2_PI_LN,L011xL058,6.908655745684663
2_PI_LN,L012xL007B,5.036494982824257
2_PI_LN,L012xL013,6.965832683045729
2_PI_LN,L012xL018,4.916512988233553
2_PI_LN,L012xL029,5.075619720233553
2_PI_LN,L012xL033,3.523264969120225
2_PI_LN,L012xL037,2.6627882041379305
2_PI_LN,L012xL041,4.8363341912746085
2_PI_LN,L012xL042,3.2710808181016438
2_PI_LN,L012xL046,5.374521588644293
2_PI_LN,L012xL048,3.7277063533086006
2_PI_LN,L012xL058,7.3238834544441325
2_PI_LN,L013xL015,5.154835475598718
2_PI_LN,L013xL019,4.09487070944912
2_PI_LN,L013xL023,4.560265143631544
2_PI_LN,L013xL024,4.944186763374539
2_PI_LN,L013xL029,4.988210925273878
2_PI_LN,L013xL031,6.286349566003455
2_PI_LN,L013xL032,4.872760365514624
2_PI_LN,L013xL033,3.84951640302217
2_PI_LN,L013xL034,4.472931137514625
2_PI_LN,L013xL035,5.837064554640403
2_PI_LN,L013xL037,5.070503382549551
2_PI_LN,L013xL038,4.598462265372471
2_PI_LN,L013xL039,2.3168447761949684
2_PI_LN,L013xL044,8.497616353212065
2_PI_LN,L013xL045,4.737913804720691
2_PI_LN,L013xL046,4.666997492631545
2_PI_LN,L013xL047,3.26718098684565
2_PI_LN,L013xL048,4.772682504181623
2_PI_LN,L013xL054,5.688986050952468
2_PI_LN,L013xL055,3.7964798321016433
2_PI_LN,L014xL016,5.211349924045729
2_PI_LN,L014xL017,2.1600852845831198
2_PI_LN,L014xL018,6.382384232158567
2_PI_LN,L014xL023,4.614776014339093
2_PI_LN,L014xL026,2.56264896684565
2_PI_LN,L014xL029,4.158780188078386
2_PI_LN,L014xL032,3.4578549216442926
2_PI_LN,L014xL034,5.674554428644293
2_PI_LN,L014xL037,3.2800287722746084
2_PI_LN,L014xL038,2.00855503513793
2_PI_LN,L014xL044,6.005363300212833
2_PI_LN,L014xL045,5.22158335344912
2_PI_LN,L014xL046,3.7152767153724713
2_PI_LN,L014xL047,2.0920890627391904
2_PI_LN,L014xL055,3.9004784066846625
2_PI_LN,L014xL056,4.493911501045729
2_PI_LN,L014xL058,5.969067716739191
2_PI_LN,L015xL007B,6.154444178952468
2_PI_LN,L015xL016,4.994468756631544
2_PI_LN,L015xL017,1.8517309905586683
2_PI_LN,L015xL018,4.343228653212833
2_PI_LN,L015xL023,4.021027130274608
2_PI_LN,L015xL025,3.322798313558668
2_PI_LN,L015xL028,4.147281721155523
2_PI_LN,L015xL029,5.455073887158568
2_PI_LN,L015xL031,5.2664827541585675
2_PI_LN,L015xL033,4.029560907339093
2_PI_LN,L015xL037,3.1542439953390926
2_PI_LN,L015xL041,3.4397243090457295
2_PI_LN,L015xL042,4.88718616926957
2_PI_LN,L015xL043,4.415311017233553
2_PI_LN,L015xL044,4.784414383212064
2_PI_LN,L015xL045,5.202642268053734
2_PI_LN,L015xL046,4.22626932013793
2_PI_LN,L015xL047,2.0058071585495507
2_PI_LN,L015xL049,5.461742846162058
2_PI_LN,L015xL055,2.5911950450843784
2_PI_LN,L015xL056,7.407662150212833
2_PI_LN,L015xL058,2.6824637992738785
2_PI_LN,L016xL014C,6.63112354573919
2_PI_LN,L016xL017,4.474685788181623
2_PI_LN,L016xL019,3.0708341811379305
2_PI_LN,L016xL025,2.8593592490843784
2_PI_LN,L016xL026,4.2967511398242575
2_PI_LN,L016xL031,4.573389222443773
2_PI_LN,L016xL032,7.083875201158567
2_PI_LN,L016xL034,5.423800967691354
2_PI_LN,L016xL038,4.642195608821037
2_PI_LN,L016xL042,7.469788738207685
2_PI_LN,L016xL043,3.23273500279467
2_PI_LN,L016xL045,5.863817387691353
2_PI_LN,L016xL046,5.269658100084379
2_PI_LN,L016xL047,4.00566541773919
2_PI_LN,L016xL049,4.437165266644294
2_PI_LN,L016xL055,4.47867570972069
2_PI_LN,L016xL056,7.257748989078387
2_PI_LN,L017xL014C,4.063030769374539
2_PI_LN,L017xL018,4.1502644705146245
2_PI_LN,L017xL023,3.9109139453390926
2_PI_LN,L017xL029,5.031056891644293
2_PI_LN,L017xL032,5.253696784207683
2_PI_LN,L017xL034,3.4449318873724715
2_PI_LN,L017xL037,3.584647731194969
2_PI_LN,L017xL043,4.5082186120783865
2_PI_LN,L017xL045,4.95664357658312
2_PI_LN,L017xL046,3.0562103510457295
2_PI_LN,L017xL047,1.6286706952738785
2_PI_LN,L017xL048,3.6330706031585676
2_PI_LN,L017xL049,4.893132648084379
2_PI_LN,L017xL055,3.43279675084565
2_PI_LN,L017xL056,5.800493355273879
2_PI_LN,L018xL007B,5.277383364194969
2_PI_LN,L018xL014B,5.1546572242128335
2_PI_LN,L018xL024,4.52800247472069
2_PI_LN,L018xL025,3.020013738120225
2_PI_LN,L018xL027,5.88596449526957
2_PI_LN,L018xL032,5.765058744504228
2_PI_LN,L018xL033,4.340962643212833
2_PI_LN,L018xL038,5.094683258045729
2_PI_LN,L018xL039,5.132147426084379
2_PI_LN,L018xL041,3.648146347821037
2_PI_LN,L018xL044,5.256956598155524
2_PI_LN,L018xL046,5.833970614045729
2_PI_LN,L018xL055,3.7116675242746084
2_PI_LN,L018xL056,3.6253226156315446
2_PI_LN,L019xL014B,0.5389538495042278
2_PI_LN,L019xL024,2.2178976100221703
2_PI_LN,L019xL027,5.466223376443773
2_PI_LN,L019xL028,4.651520883101644
2_PI_LN,L019xL029,1.7279645402128327
2_PI_LN,L019xL031,5.51072515079467
2_PI_LN,L019xL032,5.308167547443774
2_PI_LN,L019xL034,5.5951957957391905
2_PI_LN,L019xL035,3.7367350027946697
2_PI_LN,L019xL045,7.137553425443773
2_PI_LN,L019xL058,4.62412469258312
2_PI_LN,L022xL033,3.971433310003455
2_PI_LN,L022xL044,4.5254621811949685
2_PI_LN,L023xL007B,4.418319473549551
2_PI_LN,L023xL014C,3.4910402623724712
2_PI_LN,L023xL024,2.083417853631545
2_PI_LN,L023xL025,3.2505058064437735
2_PI_LN,L023xL026,2.648266942155524
2_PI_LN,L023xL027,4.7198765006913534
2_PI_LN,L023xL028,4.142314841374539
2_PI_LN,L023xL029,3.30457408279467
2_PI_LN,L023xL031,6.348888380444133
2_PI_LN,L023xL032,4.717757802797107
2_PI_LN,L023xL033,4.99258827944912
2_PI_LN,L023xL034,4.000350586720691
2_PI_LN,L023xL035,2.4590177060843783
2_PI_LN,L023xL038,4.417919171504228
2_PI_LN,L023xL042,2.4030558684441328
2_PI_LN,L023xL043,2.4552357441555235
2_PI_LN,L023xL045,3.870599353329521
2_PI_LN,L023xL046,2.30708745844912
2_PI_LN,L023xL047,1.3988584386913532
2_PI_LN,L023xL048,3.4471095873745385
2_PI_LN,L023xL054,3.4679692597604657
2_PI_LN,L023xL055,5.696083075339093
2_PI_LN,L023xL056,5.74453901844912
2_PI_LN,L024xL007B,5.322772115101644
2_PI_LN,L024xL014B,1.8370805194437738
2_PI_LN,L024xL014C,3.2677475197391903
2_PI_LN,L024xL025,2.785176971504228
2_PI_LN,L024xL026,3.105081781598718
2_PI_LN,L024xL027,5.3318912690843785
2_PI_LN,L024xL028,5.483550739889735
2_PI_LN,L024xL032,5.095187424053734
2_PI_LN,L024xL033,3.89891993373919
2_PI_LN,L024xL034,4.980462188631544
2_PI_LN,L024xL037,3.2296068853390927
2_PI_LN,L024xL038,5.78680170673919
2_PI_LN,L024xL039,4.040779258155523
2_PI_LN,L024xL044,5.470394858194968
2_PI_LN,L024xL046,5.361248692273879
2_PI_LN,L024xL048,3.02114201802217
2_PI_LN,L024xL049,3.665610876444133
2_PI_LN,L024xL055,3.910530835760466
2_PI_LN,L024xL056,5.6699369727946705
2_PI_LN,L024xL058,4.67990741679467
2_PI_LN,L025xL014B,2.6856813435831195
2_PI_LN,L025xL028,4.756256153158567
2_PI_LN,L025xL029,4.0052635842746085
2_PI_LN,L025xL033,2.6877736835586683
2_PI_LN,L025xL035,1.4630566056315446
2_PI_LN,L025xL041,2.096819189003455
2_PI_LN,L025xL046,3.2953399614437737
2_PI_LN,L025xL047,3.730480298797107
2_PI_LN,L025xL049,4.067469843078386
2_PI_LN,L025xL055,2.780808501269569
2_PI_LN,L025xL056,4.395537618233553
2_PI_LN,L026xL007B,4.395445965339093
2_PI_LN,L026xL028,3.9419015041379306
2_PI_LN,L026xL029,3.875864356162058
2_PI_LN,L026xL031,2.0553482145146247
2_PI_LN,L026xL033,3.701843188797107
2_PI_LN,L026xL035,3.201152769443774
2_PI_LN,L026xL037,3.4817132176846632
2_PI_LN,L026xL038,4.294916540558669
2_PI_LN,L026xL039,3.99497127572069
2_PI_LN,L026xL044,5.095716030514624
2_PI_LN,L026xL045,4.102491426760466
2_PI_LN,L026xL046,3.4699918284441327
2_PI_LN,L026xL048,4.408162664514625
2_PI_LN,L026xL049,4.640145089212064
2_PI_LN,L027xL031,6.579604842684663
2_PI_LN,L027xL032,4.78020351058312
2_PI_LN,L027xL034,6.554911368444133
2_PI_LN,L027xL035,4.022319910374539
2_PI_LN,L027xL037,5.702136495821037
2_PI_LN,L027xL038,5.31466656458312
2_PI_LN,L027xL042,5.734270038273879
2_PI_LN,L027xL048,6.874582025273879
2_PI_LN,L027xL049,3.5408775048897354
2_PI_LN,L027xL054,2.69573599484565
2_PI_LN,L027xL055,3.801793723269569
2_PI_LN,L027xL056,8.55296541558312
2_PI_LN,L028xL034,2.5171451451620577
2_PI_LN,L028xL042,4.315718843504228
2_PI_LN,L028xL045,4.941164436053733
2_PI_LN,L028xL049,4.999830147549551
2_PI_LN,L028xL054,3.6726699461585675
2_PI_LN,L028xL055,6.362275921443773
2_PI_LN,L029xL007B,6.329810181889735
2_PI_LN,L029xL014B,5.592095648212833
2_PI_LN,L029xL014C,3.99458774758312
2_PI_LN,L029xL033,3.491038386269569
2_PI_LN,L029xL034,4.636614711212064
2_PI_LN,L029xL035,3.335038424889736
2_PI_LN,L029xL038,4.830991001372471
2_PI_LN,L029xL039,5.528265200720691
2_PI_LN,L029xL041,3.8173700482120645
2_PI_LN,L029xL042,4.658360335824257
2_PI_LN,L029xL043,4.298969316640402
2_PI_LN,L029xL047,2.0272071290537337
2_PI_LN,L029xL048,4.189120638194969
2_PI_LN,L031xL032,4.391938347273879
2_PI_LN,L031xL034,3.7779609491016437
2_PI_LN,L031xL035,4.992547443162057
2_PI_LN,L031xL039,6.200435417308601
2_PI_LN,L031xL042,5.421624431760466
2_PI_LN,L031xL049,4.8210680682738785
2_PI_LN,L031xL058,6.531380631598719
2_PI_LN,L032xL007B,5.2268919033086005
2_PI_LN,L032xL014B,5.38649133184565
2_PI_LN,L032xL014C,4.513616278640402
2_PI_LN,L032xL033,4.41496160379467
2_PI_LN,L032xL034,4.785156738273879
2_PI_LN,L032xL035,2.572070710514625
2_PI_LN,L032xL037,5.291541503504228
2_PI_LN,L032xL038,5.083672212269569
2_PI_LN,L032xL039,6.808490648598719
2_PI_LN,L032xL042,5.622571838212833
2_PI_LN,L032xL043,5.389236659821037
2_PI_LN,L032xL044,5.372542462212064
2_PI_LN,L032xL045,6.179315083003455
2_PI_LN,L032xL046,6.381482571003454
2_PI_LN,L032xL047,3.819841296684663
2_PI_LN,L032xL049,5.675492621329521
2_PI_LN,L032xL058,3.8204406852695687
2_PI_LN,L033xL007B,7.6334500205146245
2_PI_LN,L033xL034,4.684939528558668
2_PI_LN,L033xL035,4.500628081797107
2_PI_LN,L033xL037,4.298059703212064
2_PI_LN,L033xL038,4.450197437739191
2_PI_LN,L033xL041,3.101734609269569
2_PI_LN,L033xL043,5.33861743213793
2_PI_LN,L033xL046,5.0631333631016435
2_PI_LN,L033xL047,3.7860886661585678
2_PI_LN,L033xL048,2.1177364086315444
2_PI_LN,L033xL049,6.878274452053733
2_PI_LN,L033xL054,4.88558229279467
2_PI_LN,L033xL056,7.700306351155524
2_PI_LN,L034xL007B,5.310162782078386
2_PI_LN,L034xL014C,4.267903849824258
2_PI_LN,L034xL038,4.235666899053733
2_PI_LN,L034xL039,4.772606143053734
2_PI_LN,L034xL042,4.6300164161585675
2_PI_LN,L034xL043,5.749774227952468
2_PI_LN,L034xL044,6.188249006181623
2_PI_LN,L034xL045,5.402107585372471
2_PI_LN,L034xL046,5.358441039339093
2_PI_LN,L034xL047,4.565178399181623
2_PI_LN,L034xL048,4.206235457162057
2_PI_LN,L034xL049,7.56333862284565
2_PI_LN,L034xL055,3.323946872181623
2_PI_LN,L034xL058,3.9695455188456497
2_PI_LN,L035xL007B,4.63915930413793
2_PI_LN,L035xL014B,7.5006978753295215
2_PI_LN,L035xL014C,4.438826150821038
2_PI_LN,L035xL037,4.819311089273879
2_PI_LN,L035xL038,3.22625330444912
2_PI_LN,L035xL041,3.5131908388456496
2_PI_LN,L035xL045,4.854242232372472
2_PI_LN,L035xL046,2.532029966212833
2_PI_LN,L035xL047,4.6900314190783865
2_PI_LN,L035xL056,3.949613249194969
2_PI_LN,L035xL058,2.2000974536846627
2_PI_LN,L037xL007B,4.486838371155524
2_PI_LN,L037xL038,5.195508684691354
2_PI_LN,L037xL039,4.844810382274608
2_PI_LN,L037xL041,1.784858597003455
2_PI_LN,L037xL045,4.049508046889736
2_PI_LN,L037xL046,4.949874625644293
2_PI_LN,L037xL048,2.773914034644293
2_PI_LN,L037xL049,3.3469558360457294
2_PI_LN,L037xL055,3.807435310045729
2_PI_LN,L037xL056,6.95412797658312
2_PI_LN,L037xL058,5.155912651598718
2_PI_LN,L038xL042,0.7388420445987179
2_PI_LN,L038xL043,3.268373315684663
2_PI_LN,L038xL045,3.8362370432120643
2_PI_LN,L038xL046,3.7941824870783867
2_PI_LN,L038xL048,3.0495674215495505
2_PI_LN,L038xL049,4.661154809760466
2_PI_LN,L038xL054,4.893204388631545
2_PI_LN,L038xL055,5.046980108003455
2_PI_LN,L038xL056,7.38402874772069
2_PI_LN,L038xL058,3.13125716979467
2_PI_LN,L039xL041,3.673340185558668
2_PI_LN,L039xL042,1.3364078972335531
2_PI_LN,L039xL043,4.2582242903390926
2_PI_LN,L039xL044,6.245580296889735
2_PI_LN,L039xL045,3.942393092162058
2_PI_LN,L039xL046,3.8565457571202253
2_PI_LN,L039xL049,5.907129780443774
2_PI_LN,L039xL056,5.118728225022171
2_PI_LN,L039xL058,4.8913845143086006
2_PI_LN,L041xL007B,4.188154761212832
2_PI_LN,L041xL014C,3.375800495797107
2_PI_LN,L041xL046,3.4863083460843787
2_PI_LN,L041xL047,2.8139640460457294
2_PI_LN,L041xL058,2.080156003329521
2_PI_LN,L042xL007B,3.3980206371555237
2_PI_LN,L042xL043,4.269659280797107
2_PI_LN,L042xL045,4.68132058973919
2_PI_LN,L042xL046,3.7758973276315446
2_PI_LN,L042xL047,3.164891438003455
2_PI_LN,L042xL049,4.453973371084379
2_PI_LN,L043xL007B,3.8332581927391907
2_PI_LN,L043xL014B,2.8658175470034553
2_PI_LN,L043xL014C,3.4283499740783867
2_PI_LN,L043xL044,5.595825587084379
2_PI_LN,L043xL048,3.634143919644293
2_PI_LN,L043xL049,5.60566111079467
2_PI_LN,L043xL054,4.472849210308601
2_PI_LN,L043xL055,4.519623653598718
2_PI_LN,L043xL056,4.860440423101644
2_PI_LN,L043xL058,4.279925761691353
2_PI_LN,L044xL007B,5.898049933233553
2_PI_LN,L044xL014C,4.212810169162058
2_PI_LN,L044xL025,4.112940925444133
2_PI_LN,L044xL045,0.7926413263295209
2_PI_LN,L044xL046,4.030307706162057
2_PI_LN,L044xL047,6.511083314374538
2_PI_LN,L044xL048,3.9492176072746084
2_PI_LN,L044xL049,5.831831599824257
2_PI_LN,L044xL055,4.67990741679467
2_PI_LN,L044xL056,5.766358478640402
2_PI_LN,L044xL058,8.001951097101644
2_PI_LN,L045xL007B,5.86556652913793
2_PI_LN,L045xL014B,5.370299452120226
2_PI_LN,L045xL046,4.426951384162058
2_PI_LN,L045xL047,4.485036983274608
2_PI_LN,L045xL048,4.613440343308601
2_PI_LN,L045xL049,4.9156951712120645
2_PI_LN,L045xL054,6.00712029944912
2_PI_LN,L045xL055,6.09682522154955
2_PI_LN,L045xL056,6.580179214053733
2_PI_LN,L046xL007B,4.421148996374539
2_PI_LN,L046xL014C,2.778635506444133
2_PI_LN,L046xL047,1.0164484970783867
2_PI_LN,L046xL048,2.060864535797107
2_PI_LN,L046xL054,3.90347444658312
2_PI_LN,L046xL055,5.025194819181623
2_PI_LN,L046xL058,2.8968571691379306
2_PI_LN,L047xL007B,4.143496624824257
2_PI_LN,L047xL014C,2.5923152671585674
2_PI_LN,L047xL049,5.374811449558668
2_PI_LN,L047xL055,5.523528956078386
2_PI_LN,L048xL007B,5.6020773818210365
2_PI_LN,L048xL014C,3.858218044691353
2_PI_LN,L048xL056,5.578064245821038
2_PI_LN,L048xL058,4.87302506144912
2_PI_LN,L049xL014B,3.5796783320457295
2_PI_LN,L049xL054,5.578675334760466
2_PI_LN,L054xL007B,6.15827976526957
2_PI_LN,L054xL055,3.6595997532128326
2_PI_LN,L055xL007B,4.5709443778210375
2_PI_LN,L055xL014C,5.103522177329521
2_PI_LN,L055xL056,6.289632594212833
2_PI_LN,L055xL058,4.0533604349524675
2_PI_LN,L056xL007B,4.190293111952468
2_PI_LN,L056xL047,4.930461985684663
2_PI_LN,L058xL007B,6.670976302155523
2_PI_LN,L058xL014C,4.159489604308601
2_PI_IN,L001xL002,7.6673233113699695
2_PI_IN,L001xL003,5.6533221814970265
2_PI_IN,L001xL005,4.289168603849014
2_PI_IN,L001xL014C,5.515011416369542
2_PI_IN,L001xL023,3.068445673347078
2_PI_IN,L001xL034,5.352456500978657
2_PI_IN,L001xL038,4.354419148154193
2_PI_IN,L001xL039,4.471468786696004
2_PI_IN,L001xL046,4.828008178289878
2_PI_IN,L001xL056,7.17093579036997
2_PI_IN,L002xL003,4.674879604849014
2_PI_IN,L002xL008,3.4189760776832308
2_PI_IN,L002xL010,6.324500661464669
2_PI_IN,L002xL014,5.62640542346467
2_PI_IN,L002xL014C,5.5620338480103735
2_PI_IN,L002xL015,2.4130206239354655
2_PI_IN,L002xL016,4.903939673154193
2_PI_IN,L002xL017,3.117369152364022
2_PI_IN,L002xL019,5.205772845086753
2_PI_IN,L002xL022,1.1639070130143543
2_PI_IN,L002xL023,2.5478014459058005
2_PI_IN,L002xL029,4.6299295239058
2_PI_IN,L002xL031,5.253252102420712
2_PI_IN,L002xL034,3.4466005506194857
2_PI_IN,L002xL038,3.506277082968103
2_PI_IN,L002xL041,3.0340316781189056
2_PI_IN,L002xL045,6.6501782059831065
2_PI_IN,L002xL056,6.799431797665485
2_PI_IN,L003xL005,2.7943565911245187
2_PI_IN,L003xL006,3.535498402983107
2_PI_IN,L003xL007,4.2793285389058004
2_PI_IN,L003xL008,3.5442257458712993
2_PI_IN,L003xL010,3.6140731204207115
2_PI_IN,L003xL011,5.637408840271785
2_PI_IN,L003xL013,4.544855321499227
2_PI_IN,L003xL014B,1.389264843073276
2_PI_IN,L003xL015,3.063533454491865
2_PI_IN,L003xL023,2.253562783619486
2_PI_IN,L003xL026,3.17509179446467
2_PI_IN,L003xL028,5.023072859014355
2_PI_IN,L003xL029,3.0418117750143545
2_PI_IN,L003xL031,4.510059046408129
2_PI_IN,L003xL034,5.352155201288085
2_PI_IN,L003xL039,4.3035640894207114
2_PI_IN,L003xL041,4.00106630346053
2_PI_IN,L003xL042,4.05129947246053
2_PI_IN,L003xL043,3.5914068029681028
2_PI_IN,L003xL044,4.697770590073276
2_PI_IN,L003xL045,4.968565573568858
2_PI_IN,L003xL047,1.771040992665485
2_PI_IN,L003xL048,1.5106179601709446
2_PI_IN,L003xL049,5.111219853499227
2_PI_IN,L003xL056,5.027442998282281
2_PI_IN,L005xL006,3.8359586365109823
2_PI_IN,L005xL007,5.69901460836997
2_PI_IN,L005xL008,4.146387454408129
2_PI_IN,L005xL014C,3.2140740239058005
2_PI_IN,L005xL015,3.634194610288085
2_PI_IN,L005xL017,2.1223586726832306
2_PI_IN,L005xL024,4.024535318978657
2_PI_IN,L005xL035,3.322181990766571
2_PI_IN,L005xL038,2.5810613101709445
2_PI_IN,L005xL039,2.779306994408129
2_PI_IN,L005xL041,2.2517357639058004
2_PI_IN,L005xL044,6.131683094120702
2_PI_IN,L005xL045,4.034768788537228
2_PI_IN,L005xL046,2.261486209746386
2_PI_IN,L005xL047,2.722553795154193
2_PI_IN,L005xL048,4.952212410724837
2_PI_IN,L005xL055,2.094928865849015
2_PI_IN,L005xL056,5.460319361696005
2_PI_IN,L006xL007,5.001238410537228
2_PI_IN,L006xL007B,3.8583856994992276
2_PI_IN,L006xL011,2.0241977575688583
2_PI_IN,L006xL013,4.882001220968103
2_PI_IN,L006xL014C,3.9785207951245187
2_PI_IN,L006xL015,3.802360941364022
2_PI_IN,L006xL016,4.446829910347078
2_PI_IN,L006xL018,4.085745172510982
2_PI_IN,L006xL022,3.0646522304970256
2_PI_IN,L006xL023,4.57776252746053
2_PI_IN,L006xL025,2.2500360473695418
2_PI_IN,L006xL026,3.93412299346467
2_PI_IN,L006xL029,2.562104235871299
2_PI_IN,L006xL031,4.049689475499227
2_PI_IN,L006xL033,4.198906345665486
2_PI_IN,L006xL034,2.580519596568858
2_PI_IN,L006xL037,2.6416815171504
2_PI_IN,L006xL038,3.87525106136997
2_PI_IN,L006xL039,5.301595624619486
2_PI_IN,L006xL041,3.0040401176832305
2_PI_IN,L006xL042,3.1072759939058003
2_PI_IN,L006xL049,3.3987383898490147
2_PI_IN,L006xL054,4.079521359219897
2_PI_IN,L006xL058,6.48032823736997
2_PI_IN,L007xL008,4.759194547871299
2_PI_IN,L007xL010,5.536176813849014
2_PI_IN,L007xL011,6.393204948364022
2_PI_IN,L007xL012,4.4233653198713
2_PI_IN,L007xL014B,4.0892192402880845
2_PI_IN,L007xL015,3.062406369871299
2_PI_IN,L007xL017,5.608565573568858
2_PI_IN,L007xL019,2.236357886369542
2_PI_IN,L007xL027,6.050274188289878
2_PI_IN,L007xL031,5.006862678014355
2_PI_IN,L007xL033,4.815585680849015
2_PI_IN,L007xL034,2.7522444844992275
2_PI_IN,L007xL037,6.238627050491865
2_PI_IN,L007xL038,6.013390033420712
2_PI_IN,L007xL044,5.351130940968103
2_PI_IN,L007xL046,4.234166455014354
2_PI_IN,L007xL048,4.393855194364022
2_PI_IN,L007xL049,3.884104882491865
2_PI_IN,L007xL058,5.285002862968103
2_PI_IN,L008xL011,4.908021314289878
2_PI_IN,L008xL012,4.669630708746386
2_PI_IN,L008xL013,5.613737288978657
2_PI_IN,L008xL014C,2.962232734619486
2_PI_IN,L008xL015,3.56827406046467
2_PI_IN,L008xL016,3.755626324683231
2_PI_IN,L008xL017,3.671914406491865
2_PI_IN,L008xL018,3.885748935746386
2_PI_IN,L008xL023,3.26783399446467
2_PI_IN,L008xL024,5.9999797410867535
2_PI_IN,L008xL025,3.4094233335109823
2_PI_IN,L008xL026,3.3751869167665713
2_PI_IN,L008xL027,4.270451726746386
2_PI_IN,L008xL029,3.673766623491865
2_PI_IN,L008xL032,6.2629766602822805
2_PI_IN,L008xL033,0.936431543510982
2_PI_IN,L008xL034,5.862656748408129
2_PI_IN,L008xL035,4.424846258014354
2_PI_IN,L008xL037,4.4977581989681035
2_PI_IN,L008xL039,2.3315745334992273
2_PI_IN,L008xL041,3.459087833696004
2_PI_IN,L008xL042,5.5939967797769325
2_PI_IN,L008xL043,2.097485767766571
2_PI_IN,L008xL045,7.060644842625733
2_PI_IN,L008xL046,3.496698032746386
2_PI_IN,L008xL047,3.8555499123699706
2_PI_IN,L008xL049,5.1439047769786574
2_PI_IN,L010xL007B,5.399008186910863
2_PI_IN,L010xL011,4.880917264010374
2_PI_IN,L010xL013,4.298488294014354
2_PI_IN,L010xL014,5.243062739497026
2_PI_IN,L010xL014C,2.0343183474918654
2_PI_IN,L010xL019,3.815959631347078
2_PI_IN,L010xL022,6.130926041408129
2_PI_IN,L010xL023,3.7772252976809537
2_PI_IN,L010xL027,5.49151215546467
2_PI_IN,L010xL029,2.9348144232717845
2_PI_IN,L010xL034,4.110657664288085
2_PI_IN,L010xL038,5.0813497272717845
2_PI_IN,L010xL039,5.5649228961504
2_PI_IN,L010xL041,4.07185533036997
2_PI_IN,L010xL042,4.676205596497026
2_PI_IN,L010xL043,5.517298428968103
2_PI_IN,L010xL045,3.0839112523695418
2_PI_IN,L010xL046,4.683837749608076
2_PI_IN,L010xL048,3.8409950889786577
2_PI_IN,L010xL049,4.587787967086753
2_PI_IN,L010xL055,3.294211030288085
2_PI_IN,L010xL056,8.885204531935464
2_PI_IN,L010xL058,6.548456824680954
2_PI_IN,L011xL012,2.768087194746386
2_PI_IN,L011xL013,5.840265932369542
2_PI_IN,L011xL015,3.766290006010374
2_PI_IN,L011xL016,3.7069447800143545
2_PI_IN,L011xL018,5.205176988282281
2_PI_IN,L011xL022,5.6900513311541925
2_PI_IN,L011xL023,3.3231313302898777
2_PI_IN,L011xL024,5.679685437683231
2_PI_IN,L011xL029,5.4871151097463855
2_PI_IN,L011xL033,5.230095214910863
2_PI_IN,L011xL037,3.696973695289878
2_PI_IN,L011xL038,4.221513931271785
2_PI_IN,L011xL043,3.078694748746386
2_PI_IN,L011xL046,4.852917476968103
2_PI_IN,L011xL048,6.438113307120702
2_PI_IN,L011xL049,6.005643646289878
2_PI_IN,L011xL056,3.2542750078712994
2_PI_IN,L011xL058,6.4946970934207116
2_PI_IN,L012xL007B,5.745494714731272
2_PI_IN,L012xL013,4.3164048069831065
2_PI_IN,L012xL018,3.1094710564918646
2_PI_IN,L012xL029,4.116693400731272
2_PI_IN,L012xL033,4.023074725219897
2_PI_IN,L012xL037,3.55395713736997
2_PI_IN,L012xL041,4.087361929347078
2_PI_IN,L012xL042,3.740576042510982
2_PI_IN,L012xL046,5.198895998086753
2_PI_IN,L012xL048,3.60181409828228
2_PI_IN,L012xL058,2.6246702665372283
2_PI_IN,L013xL015,4.332843980271785
2_PI_IN,L013xL019,3.303579614910863
2_PI_IN,L013xL023,4.889728227696004
2_PI_IN,L013xL024,4.995815565849014
2_PI_IN,L013xL029,4.404268333347078
2_PI_IN,L013xL031,4.048188412968103
2_PI_IN,L013xL032,4.591998178499227
2_PI_IN,L013xL033,4.494052559978657
2_PI_IN,L013xL034,2.7580110166257326
2_PI_IN,L013xL035,4.7081746101709445
2_PI_IN,L013xL037,4.719517702731272
2_PI_IN,L013xL038,4.617929117766571
2_PI_IN,L013xL039,4.222551665665486
2_PI_IN,L013xL044,4.37510656236997
2_PI_IN,L013xL045,4.3784506315688585
2_PI_IN,L013xL046,6.1837242101504
2_PI_IN,L013xL047,3.2946855865886358
2_PI_IN,L013xL048,4.56020587646053
2_PI_IN,L013xL054,5.446702806978657
2_PI_IN,L013xL055,4.8706388839058
2_PI_IN,L014xL016,4.974383276347078
2_PI_IN,L014xL017,3.30267800146467
2_PI_IN,L014xL018,4.267550420680953
2_PI_IN,L014xL023,2.3931874611245187
2_PI_IN,L014xL026,2.889765870347078
2_PI_IN,L014xL029,4.041135328347078
2_PI_IN,L014xL032,4.287419584983107
2_PI_IN,L014xL034,2.5109571274992275
2_PI_IN,L014xL037,2.486727389289878
2_PI_IN,L014xL038,2.706399495118905
2_PI_IN,L014xL044,4.035516386871299
2_PI_IN,L014xL045,3.372462199871299
2_PI_IN,L014xL046,3.4304716064970258
2_PI_IN,L014xL047,2.158241966724837
2_PI_IN,L014xL055,4.485697010871299
2_PI_IN,L014xL056,8.423577721766572
2_PI_IN,L014xL058,4.5012775761504
2_PI_IN,L015xL007B,4.487245827625732
2_PI_IN,L015xL016,5.097140902510982
2_PI_IN,L015xL017,1.025125906983107
2_PI_IN,L015xL018,5.4040480991189055
2_PI_IN,L015xL023,2.8612361022822803
2_PI_IN,L015xL025,2.413116278364022
2_PI_IN,L015xL028,3.169643988608076
2_PI_IN,L015xL029,5.461038931625732
2_PI_IN,L015xL031,3.292038195154193
2_PI_IN,L015xL033,3.19182249036997
2_PI_IN,L015xL037,2.6633225213470784
2_PI_IN,L015xL041,3.1336946447769325
2_PI_IN,L015xL042,3.592760691154193
2_PI_IN,L015xL043,3.705328887118905
2_PI_IN,L015xL044,4.796346949118905
2_PI_IN,L015xL045,5.678581741731273
2_PI_IN,L015xL046,2.4968312086809537
2_PI_IN,L015xL047,2.389535310120702
2_PI_IN,L015xL049,4.547146115271785
2_PI_IN,L015xL055,1.7293354909786576
2_PI_IN,L015xL056,7.917162537910864
2_PI_IN,L015xL058,3.928607476369542
2_PI_IN,L016xL014C,5.191238158776932
2_PI_IN,L016xL017,6.058554048347078
2_PI_IN,L016xL019,3.936040775766571
2_PI_IN,L016xL025,4.715597067010374
2_PI_IN,L016xL026,3.7032520652198975
2_PI_IN,L016xL031,5.297257076935466
2_PI_IN,L016xL032,6.049389104665486
2_PI_IN,L016xL034,5.587522478608076
2_PI_IN,L016xL038,3.4095073224081287
2_PI_IN,L016xL042,3.21578144946467
2_PI_IN,L016xL043,4.552716761219897
2_PI_IN,L016xL045,5.952108689537228
2_PI_IN,L016xL046,5.545936389154193
2_PI_IN,L016xL047,4.069888315271785
2_PI_IN,L016xL049,4.31849815946053
2_PI_IN,L016xL055,4.88913198546053
2_PI_IN,L016xL056,7.701617885118906
2_PI_IN,L017xL014C,1.913030763619486
2_PI_IN,L017xL018,5.073225809288084
2_PI_IN,L017xL023,3.020610283086753
2_PI_IN,L017xL029,4.939239259625732
2_PI_IN,L017xL032,5.980335290537228
2_PI_IN,L017xL034,2.031171629588636
2_PI_IN,L017xL037,4.35841180028228
2_PI_IN,L017xL043,4.241698420170945
2_PI_IN,L017xL045,7.6188172986194855
2_PI_IN,L017xL046,1.4463856037665714
2_PI_IN,L017xL047,1.755715151983107
2_PI_IN,L017xL048,2.589887287724837
2_PI_IN,L017xL049,4.397587077420712
2_PI_IN,L017xL055,6.952859054124518
2_PI_IN,L017xL056,5.504386148124519
2_PI_IN,L018xL007B,4.752456500978657
2_PI_IN,L018xL014B,5.109836134680954
2_PI_IN,L018xL024,4.749547113537228
2_PI_IN,L018xL025,3.7060383894605295
2_PI_IN,L018xL027,5.828757320497026
2_PI_IN,L018xL032,3.3225014300143547
2_PI_IN,L018xL033,4.212023463073276
2_PI_IN,L018xL038,4.789793909696004
2_PI_IN,L018xL039,4.520808590683231
2_PI_IN,L018xL041,2.144640732680954
2_PI_IN,L018xL044,3.9569162709786574
2_PI_IN,L018xL046,5.211520588776932
2_PI_IN,L018xL055,3.7089691396809537
2_PI_IN,L018xL056,7.1380569936257325
2_PI_IN,L019xL014B,0.22527518756885825
2_PI_IN,L019xL024,4.846687981289878
2_PI_IN,L019xL027,4.020687379010374
2_PI_IN,L019xL028,5.466221399766571
2_PI_IN,L019xL029,5.0046246875688585
2_PI_IN,L019xL031,6.923114008683231
2_PI_IN,L019xL032,5.858037734289878
2_PI_IN,L019xL034,4.893012328219897
2_PI_IN,L019xL035,3.3602566187312726
2_PI_IN,L019xL045,6.348303744289878
2_PI_IN,L019xL058,4.755048425696004
2_PI_IN,L022xL033,2.709822998680954
2_PI_IN,L022xL044,3.6832495961207017
2_PI_IN,L023xL007B,3.188094383871299
2_PI_IN,L023xL014C,2.953506334724837
2_PI_IN,L023xL024,3.783027130588636
2_PI_IN,L023xL025,1.1136574364605296
2_PI_IN,L023xL026,3.899988847497026
2_PI_IN,L023xL027,3.9112827001245187
2_PI_IN,L023xL028,0.7248472669108632
2_PI_IN,L023xL029,3.642272641776932
2_PI_IN,L023xL031,3.7043636768712993
2_PI_IN,L023xL032,3.7439641905372283
2_PI_IN,L023xL033,3.9516913691504003
2_PI_IN,L023xL034,2.9612853632822804
2_PI_IN,L023xL035,3.2273830557312726
2_PI_IN,L023xL038,2.7428674567312727
2_PI_IN,L023xL042,3.6399189060103745
2_PI_IN,L023xL043,3.1946609342198973
2_PI_IN,L023xL045,3.2049943519354653
2_PI_IN,L023xL046,2.139324645625732
2_PI_IN,L023xL047,0.7506752971709447
2_PI_IN,L023xL048,3.1674950586960042
2_PI_IN,L023xL054,3.119018537073276
2_PI_IN,L023xL055,4.627265173696005
2_PI_IN,L023xL056,3.607594385289878
2_PI_IN,L024xL007B,4.465454785665485
2_PI_IN,L024xL014B,4.6215704995688585
2_PI_IN,L024xL014C,3.3177385652822804
2_PI_IN,L024xL025,3.9400460491504
2_PI_IN,L024xL026,2.687910275724837
2_PI_IN,L024xL027,3.287609118369542
2_PI_IN,L024xL028,2.4172055926809537
2_PI_IN,L024xL032,6.05367714146053
2_PI_IN,L024xL033,5.014392613746386
2_PI_IN,L024xL034,5.022664390010374
2_PI_IN,L024xL037,3.7192679906809536
2_PI_IN,L024xL038,4.356012609849015
2_PI_IN,L024xL039,2.8624721839354654
2_PI_IN,L024xL044,5.243903087289878
2_PI_IN,L024xL046,3.2803889834992277
2_PI_IN,L024xL048,3.419887128154193
2_PI_IN,L024xL049,2.783207376118906
2_PI_IN,L024xL055,4.723325603118905
2_PI_IN,L024xL056,5.564339908120702
2_PI_IN,L024xL058,5.482946128537228
2_PI_IN,L025xL014B,3.5180901324992275
2_PI_IN,L025xL028,5.331895715696004
2_PI_IN,L025xL029,3.3011803115109823
2_PI_IN,L025xL033,2.4220065422717845
2_PI_IN,L025xL035,2.498289336680954
2_PI_IN,L025xL041,2.779600051683231
2_PI_IN,L025xL046,3.7883541260867535
2_PI_IN,L025xL047,1.1977813337665715
2_PI_IN,L025xL049,4.030765897683231
2_PI_IN,L025xL055,0.33387009749702573
2_PI_IN,L025xL056,5.8271862635688585
2_PI_IN,L026xL007B,3.9104535175372286
2_PI_IN,L026xL028,1.557658398665485
2_PI_IN,L026xL029,2.307527069910863
2_PI_IN,L026xL031,3.0053312699681025
2_PI_IN,L026xL033,1.065451124619486
2_PI_IN,L026xL035,3.843340751288085
2_PI_IN,L026xL037,3.3784540679831068
2_PI_IN,L026xL038,3.1601486534207113
2_PI_IN,L026xL039,2.3687025834918654
2_PI_IN,L026xL044,1.8357161971245188
2_PI_IN,L026xL045,3.6658910720867532
2_PI_IN,L026xL046,4.1758629022198965
2_PI_IN,L026xL048,1.5833088697463862
2_PI_IN,L026xL049,6.463351706608076
2_PI_IN,L027xL031,5.798972891696004
2_PI_IN,L027xL032,3.4764385559058004
2_PI_IN,L027xL034,4.698540658154194
2_PI_IN,L027xL035,5.034948889491865
2_PI_IN,L027xL037,3.3773662377769327
2_PI_IN,L027xL038,4.034041058120702
2_PI_IN,L027xL042,6.727572862491865
2_PI_IN,L027xL048,4.047622886170945
2_PI_IN,L027xL049,2.8223840663699704
2_PI_IN,L027xL054,3.8830805237769326
2_PI_IN,L027xL055,5.629205570537228
2_PI_IN,L027xL056,6.564662947619486
2_PI_IN,L028xL034,4.955793968983107
2_PI_IN,L028xL042,4.562505024935466
2_PI_IN,L028xL045,4.022105645170945
2_PI_IN,L028xL049,4.507294774288084
2_PI_IN,L028xL054,3.3330244224918646
2_PI_IN,L028xL055,2.2782243250103744
2_PI_IN,L029xL007B,4.524203675776932
2_PI_IN,L029xL014B,5.038300015625732
2_PI_IN,L029xL014C,5.289417935588636
2_PI_IN,L029xL033,3.366939705731273
2_PI_IN,L029xL034,4.494643372364021
2_PI_IN,L029xL035,4.1558971397248365
2_PI_IN,L029xL038,4.326241689608076
2_PI_IN,L029xL039,4.573172888073276
2_PI_IN,L029xL041,3.575458978288085
2_PI_IN,L029xL042,4.305118814724836
2_PI_IN,L029xL043,5.075625591910863
2_PI_IN,L029xL047,3.2497628249354653
2_PI_IN,L029xL048,4.662159757118905
2_PI_IN,L031xL032,6.04672050228228
2_PI_IN,L031xL034,5.036053709625732
2_PI_IN,L031xL035,6.751792048724837
2_PI_IN,L031xL039,5.543052269766571
2_PI_IN,L031xL042,5.248975830731272
2_PI_IN,L031xL049,4.2441727246080765
2_PI_IN,L031xL058,4.825513234935466
2_PI_IN,L032xL007B,4.933146616073276
2_PI_IN,L032xL014B,4.501980850170945
2_PI_IN,L032xL014C,4.818859265118905
2_PI_IN,L032xL033,5.837758198968103
2_PI_IN,L032xL034,5.316931463154193
2_PI_IN,L032xL035,5.445286143154194
2_PI_IN,L032xL037,7.021134654120702
2_PI_IN,L032xL038,5.167911271665485
2_PI_IN,L032xL039,4.977380018683231
2_PI_IN,L032xL042,4.857604237289878
2_PI_IN,L032xL043,5.706473461170945
2_PI_IN,L032xL044,5.5056667989058
2_PI_IN,L032xL045,6.007848908910863
2_PI_IN,L032xL046,6.200568605731272
2_PI_IN,L032xL047,5.0402057341189055
2_PI_IN,L032xL049,4.879793953288084
2_PI_IN,L032xL058,5.163901453910863
2_PI_IN,L033xL007B,5.755727115364022
2_PI_IN,L033xL034,3.1988858448712993
2_PI_IN,L033xL035,3.460862656724837
2_PI_IN,L033xL037,4.440223292910863
2_PI_IN,L033xL038,2.9640275632822806
2_PI_IN,L033xL041,3.979844486118905
2_PI_IN,L033xL043,4.692700837510982
2_PI_IN,L033xL046,4.450922887776932
2_PI_IN,L033xL047,2.911758931608076
2_PI_IN,L033xL048,3.533041526073276
2_PI_IN,L033xL049,4.988119391625732
2_PI_IN,L033xL054,4.341858758271785
2_PI_IN,L033xL056,6.598980904014354
2_PI_IN,L034xL007B,4.286937913608076
2_PI_IN,L034xL014C,2.7296978799786573
2_PI_IN,L034xL038,3.686309177073276
2_PI_IN,L034xL039,3.4955660676194857
2_PI_IN,L034xL042,2.4126575226832307
2_PI_IN,L034xL043,3.9203517115372284
2_PI_IN,L034xL044,5.312346157510982
2_PI_IN,L034xL045,6.127680113608076
2_PI_IN,L034xL046,5.391150907464669
2_PI_IN,L034xL047,4.021635929731273
2_PI_IN,L034xL048,3.4044972245109824
2_PI_IN,L034xL049,7.0916087606194855
2_PI_IN,L034xL055,5.668922765665485
2_PI_IN,L034xL058,5.155302816347079
2_PI_IN,L035xL007B,4.430617420978657
2_PI_IN,L035xL014B,5.294138406073276
2_PI_IN,L035xL014C,3.0968468556194857
2_PI_IN,L035xL037,4.299140286568858
2_PI_IN,L035xL038,2.5688826929354653
2_PI_IN,L035xL041,2.35195385336997
2_PI_IN,L035xL045,5.828271855935466
2_PI_IN,L035xL046,4.562122223568858
2_PI_IN,L035xL047,2.3060459919786576
2_PI_IN,L035xL056,5.6755255839058
2_PI_IN,L035xL058,2.4672915114207115
2_PI_IN,L037xL007B,2.839295573120702
2_PI_IN,L037xL038,4.742942451369542
2_PI_IN,L037xL039,2.528155961289878
2_PI_IN,L037xL041,3.637489596124519
2_PI_IN,L037xL045,3.982295500408129
2_PI_IN,L037xL046,3.9153052394992276
2_PI_IN,L037xL048,3.3366384012822805
2_PI_IN,L037xL049,2.921968009288085
2_PI_IN,L037xL055,4.461657733935466
2_PI_IN,L037xL056,6.9066643900103735
2_PI_IN,L037xL058,4.094190398369542
2_PI_IN,L038xL042,0.7639614586832308
2_PI_IN,L038xL043,3.1632791142898777
2_PI_IN,L038xL045,3.7238860650103742
2_PI_IN,L038xL046,3.944197020910863
2_PI_IN,L038xL048,3.5075292151189057
2_PI_IN,L038xL049,5.022349441510982
2_PI_IN,L038xL054,2.8324598421504
2_PI_IN,L038xL055,3.1244766517312725
2_PI_IN,L038xL056,5.063860855154193
2_PI_IN,L038xL058,3.696045950271784
2_PI_IN,L039xL041,3.2654895961245187
2_PI_IN,L039xL042,1.9102016192822804
2_PI_IN,L039xL043,3.482782415696004
2_PI_IN,L039xL044,6.7687722320732755
2_PI_IN,L039xL045,5.145607241510982
2_PI_IN,L039xL046,4.4161051537769325
2_PI_IN,L039xL049,6.956267018010374
2_PI_IN,L039xL056,7.553689177625732
2_PI_IN,L039xL058,3.8663208060143543
2_PI_IN,L041xL007B,4.95578144946467
2_PI_IN,L041xL014C,3.77599326136997
2_PI_IN,L041xL046,3.790959424073276
2_PI_IN,L041xL047,3.663399880983107
2_PI_IN,L041xL058,3.4104257671189053
2_PI_IN,L042xL007B,2.99266158146467
2_PI_IN,L042xL043,3.0915580177665714
2_PI_IN,L042xL045,1.9930390572822803
2_PI_IN,L042xL046,3.2215430786194856
2_PI_IN,L042xL047,3.6535883291189055
2_PI_IN,L042xL049,3.450747606118906
2_PI_IN,L043xL007B,3.453089098154193
2_PI_IN,L043xL014B,3.8622266647769328
2_PI_IN,L043xL014C,3.1573300639786575
2_PI_IN,L043xL044,5.381509713347079
2_PI_IN,L043xL048,3.4865645543640222
2_PI_IN,L043xL049,5.61448258836997
2_PI_IN,L043xL054,3.739366489537228
2_PI_IN,L043xL055,4.2849937734970265
2_PI_IN,L043xL056,5.792292743731272
2_PI_IN,L043xL058,4.611222229170945
2_PI_IN,L044xL007B,3.982201977120702
2_PI_IN,L044xL014C,5.396677227683231
2_PI_IN,L044xL025,3.420314310347078
2_PI_IN,L044xL045,0.986002357983107
2_PI_IN,L044xL046,4.442666729776932
2_PI_IN,L044xL047,5.724844561170944
2_PI_IN,L044xL048,4.270668129499227
2_PI_IN,L044xL049,4.180194315170945
2_PI_IN,L044xL055,4.759538275510982
2_PI_IN,L044xL056,6.643318865608076
2_PI_IN,L044xL058,6.50465544212452
2_PI_IN,L045xL007B,4.337183099219897
2_PI_IN,L045xL014B,3.685854025746386
2_PI_IN,L045xL046,7.378453143665485
2_PI_IN,L045xL047,6.074502255491865
2_PI_IN,L045xL048,2.8687866669058004
2_PI_IN,L045xL049,4.359535124499227
2_PI_IN,L045xL054,6.461590296696005
2_PI_IN,L045xL055,3.5630645007312727
2_PI_IN,L045xL056,4.659993407910863
2_PI_IN,L046xL007B,5.025059700724836
2_PI_IN,L046xL014C,3.4512727447463862
2_PI_IN,L046xL047,1.4537127759058004
2_PI_IN,L046xL048,1.7772066406809537
2_PI_IN,L046xL054,3.445867782871299
2_PI_IN,L046xL055,5.9737592300143545
2_PI_IN,L046xL058,2.0596948965372284
2_PI_IN,L047xL007B,4.015406873282281
2_PI_IN,L047xL014C,2.1885024779786577
2_PI_IN,L047xL049,4.882463888219897
2_PI_IN,L047xL055,2.346680516568858
2_PI_IN,L048xL007B,5.790199801849014
2_PI_IN,L048xL014C,3.4427383620867533
2_PI_IN,L048xL056,5.053965242766571
2_PI_IN,L048xL058,4.406564793408129
2_PI_IN,L049xL014B,3.2094481983695418
2_PI_IN,L049xL054,4.305754500696004
2_PI_IN,L054xL007B,4.6834186932717845
2_PI_IN,L054xL055,0.8753402175372283
2_PI_IN,L055xL007B,4.3418851301504
2_PI_IN,L055xL014C,2.2095097133470785
2_PI_IN,L055xL056,7.359644360347078
2_PI_IN,L055xL058,4.099985532608076
2_PI_IN,L056xL007B,4.752843940408129
2_PI_IN,L056xL047,5.648046847420712
2_PI_IN,L058xL007B,6.214908655014354
2_PI_IN,L058xL014C,5.390006490369542
2_AN_LN,L001xL002,6.330242591304609
2_AN_LN,L001xL003,5.668865130093619
2_AN_LN,L001xL005,7.296207212782183
2_AN_LN,L001xL014C,7.867394676951922
2_AN_LN,L001xL023,6.196636293041704
2_AN_LN,L001xL034,7.442119314230724
2_AN_LN,L001xL038,5.455446411093619
2_AN_LN,L001xL039,5.220958159926031
2_AN_LN,L001xL046,7.489996064574746
2_AN_LN,L001xL056,11.04471517035916
2_AN_LN,L002xL003,5.601486089976571
2_AN_LN,L002xL008,8.39861884050117
2_AN_LN,L002xL010,8.763177787818204
2_AN_LN,L002xL014,6.849785619433182
2_AN_LN,L002xL014C,7.470525767782183
2_AN_LN,L002xL015,6.328019030656364
2_AN_LN,L002xL016,7.939397966953222
2_AN_LN,L002xL017,9.397661020031727
2_AN_LN,L002xL019,4.787801575591737
2_AN_LN,L002xL022,4.567460468919774
2_AN_LN,L002xL023,7.284356915953222
2_AN_LN,L002xL029,6.757294999710625
2_AN_LN,L002xL031,8.720195850818204
2_AN_LN,L002xL034,7.271322807656364
2_AN_LN,L002xL038,10.104899051926031
2_AN_LN,L002xL041,4.899651155158508
2_AN_LN,L002xL045,10.287459297256627
2_AN_LN,L002xL056,4.331595242041703
2_AN_LN,L003xL005,6.3731079877584484
2_AN_LN,L003xL006,5.382217024136435
2_AN_LN,L003xL007,8.743240786443177
2_AN_LN,L003xL008,5.908455958886974
2_AN_LN,L003xL010,6.743394997158508
2_AN_LN,L003xL011,6.967721238763895
2_AN_LN,L003xL013,5.94211799052345
2_AN_LN,L003xL014B,7.3697611147893465
2_AN_LN,L003xL015,5.437080885711386
2_AN_LN,L003xL023,5.175206127291173
2_AN_LN,L003xL026,2.8870570413046086
2_AN_LN,L003xL028,6.4961601623591605
2_AN_LN,L003xL029,5.494420787711386
2_AN_LN,L003xL031,3.9278188202084636
2_AN_LN,L003xL034,5.413565686041704
2_AN_LN,L003xL039,8.037570874230726
2_AN_LN,L003xL041,7.478401126420639
2_AN_LN,L003xL042,5.533413469154745
2_AN_LN,L003xL043,6.289213287200671
2_AN_LN,L003xL044,7.826912736523449
2_AN_LN,L003xL045,6.784882695279281
2_AN_LN,L003xL047,3.828051755926031
2_AN_LN,L003xL048,4.363913824926032
2_AN_LN,L003xL049,6.656515875136435
2_AN_LN,L003xL056,8.280696620461896
2_AN_LN,L005xL006,6.2373107297638954
2_AN_LN,L005xL007,7.194964865574747
2_AN_LN,L005xL008,7.915556966782183
2_AN_LN,L005xL014C,5.136442560926032
2_AN_LN,L005xL015,8.161330365782183
2_AN_LN,L005xL017,8.311147459154745
2_AN_LN,L005xL024,6.123049038093619
2_AN_LN,L005xL035,6.320570777574747
2_AN_LN,L005xL038,5.8750349524206396
2_AN_LN,L005xL039,10.218368605678522
2_AN_LN,L005xL041,5.54954823250117
2_AN_LN,L005xL044,5.427080844763895
2_AN_LN,L005xL045,6.437108822818205
2_AN_LN,L005xL046,6.698455570433182
2_AN_LN,L005xL047,6.368148871230724
2_AN_LN,L005xL048,5.349469883591737
2_AN_LN,L005xL055,5.659396199420639
2_AN_LN,L005xL056,9.486085317722887
2_AN_LN,L006xL007,5.155444923722888
2_AN_LN,L006xL007B,5.99207710774769
2_AN_LN,L006xL011,6.630367286941499
2_AN_LN,L006xL013,7.51064865197657
2_AN_LN,L006xL014C,6.472215832433181
2_AN_LN,L006xL015,5.043589669823072
2_AN_LN,L006xL016,6.082516917154745
2_AN_LN,L006xL018,5.974332542789346
2_AN_LN,L006xL022,7.268220308136435
2_AN_LN,L006xL023,6.648688934031727
2_AN_LN,L006xL025,4.84010677997657
2_AN_LN,L006xL026,2.2029777109197735
2_AN_LN,L006xL029,6.947941738789346
2_AN_LN,L006xL031,8.605616079060315
2_AN_LN,L006xL033,4.26661241174769
2_AN_LN,L006xL034,5.667619363060314
2_AN_LN,L006xL037,6.379038082782183
2_AN_LN,L006xL038,5.522367260208465
2_AN_LN,L006xL039,6.0947119706563635
2_AN_LN,L006xL041,6.955373526678522
2_AN_LN,L006xL042,5.177794023541096
2_AN_LN,L006xL049,3.6684228280417037
2_AN_LN,L006xL054,3.135523279941499
2_AN_LN,L006xL058,5.96033327703267
2_AN_LN,L007xL008,6.940635916818205
2_AN_LN,L007xL010,7.046086474230724
2_AN_LN,L007xL011,0.87246462874769
2_AN_LN,L007xL012,4.35968616350117
2_AN_LN,L007xL014B,4.7071948462084645
2_AN_LN,L007xL015,6.036561892782183
2_AN_LN,L007xL017,9.059873090256627
2_AN_LN,L007xL019,4.01608585542064
2_AN_LN,L007xL027,4.547993347307684
2_AN_LN,L007xL031,9.120355997154745
2_AN_LN,L007xL033,6.18921158652345
2_AN_LN,L007xL034,8.707242467230724
2_AN_LN,L007xL037,6.308374699060314
2_AN_LN,L007xL038,6.785828180953223
2_AN_LN,L007xL044,5.8357024047584485
2_AN_LN,L007xL046,7.464122975200672
2_AN_LN,L007xL048,9.363023814041703
2_AN_LN,L007xL049,5.7226927906124
2_AN_LN,L007xL058,8.461738443256626
2_AN_LN,L008xL011,7.7002948926563635
2_AN_LN,L008xL012,7.431884627304609
2_AN_LN,L008xL013,7.5176776042084645
2_AN_LN,L008xL014C,8.693344064453012
2_AN_LN,L008xL015,7.317143172060314
2_AN_LN,L008xL016,7.39489484174769
2_AN_LN,L008xL017,9.239444175041703
2_AN_LN,L008xL018,9.885862943453011
2_AN_LN,L008xL023,6.548603480926031
2_AN_LN,L008xL024,10.006100096747689
2_AN_LN,L008xL025,6.026947278200672
2_AN_LN,L008xL026,7.549346443772929
2_AN_LN,L008xL027,9.1161308329415
2_AN_LN,L008xL029,5.775466014154745
2_AN_LN,L008xL032,8.573658026304608
2_AN_LN,L008xL033,6.646859834443178
2_AN_LN,L008xL034,7.593122432031727
2_AN_LN,L008xL035,7.837936882279281
2_AN_LN,L008xL037,7.700572746154744
2_AN_LN,L008xL039,9.467585291433181
2_AN_LN,L008xL041,5.7144315311547444
2_AN_LN,L008xL042,5.725145421279281
2_AN_LN,L008xL043,6.0321832346563635
2_AN_LN,L008xL045,7.434204491453011
2_AN_LN,L008xL046,8.04526578709362
2_AN_LN,L008xL047,7.537194682031727
2_AN_LN,L008xL049,9.546880447782183
2_AN_LN,L010xL007B,4.970636679304609
2_AN_LN,L010xL011,6.749461386772929
2_AN_LN,L010xL013,6.661232992200672
2_AN_LN,L010xL014,5.149095964433181
2_AN_LN,L010xL014C,9.554941148591737
2_AN_LN,L010xL019,8.098391677291172
2_AN_LN,L010xL022,6.0675203766124
2_AN_LN,L010xL023,6.91880457177293
2_AN_LN,L010xL027,6.225835266941499
2_AN_LN,L010xL029,7.33741045203267
2_AN_LN,L010xL034,6.077588734359161
2_AN_LN,L010xL038,6.549424093818205
2_AN_LN,L010xL039,6.118548909420639
2_AN_LN,L010xL041,7.259445376763895
2_AN_LN,L010xL042,6.3970376987228885
2_AN_LN,L010xL043,7.1365736649532225
2_AN_LN,L010xL045,7.733852394823072
2_AN_LN,L010xL046,6.02079643497657
2_AN_LN,L010xL048,7.9878778964431785
2_AN_LN,L010xL049,6.592910472678522
2_AN_LN,L010xL055,6.744291234953222
2_AN_LN,L010xL056,12.082745883461897
2_AN_LN,L010xL058,7.865904693722888
2_AN_LN,L011xL012,7.835416286789346
2_AN_LN,L011xL013,7.40135133903267
2_AN_LN,L011xL015,8.089556414523448
2_AN_LN,L011xL016,5.848624358763895
2_AN_LN,L011xL018,8.265079411953224
2_AN_LN,L011xL022,7.186159100200672
2_AN_LN,L011xL023,6.436621859256627
2_AN_LN,L011xL024,7.283782577656363
2_AN_LN,L011xL029,7.927431204574746
2_AN_LN,L011xL033,6.929583392420639
2_AN_LN,L011xL037,5.544685427919774
2_AN_LN,L011xL038,8.247114085678522
2_AN_LN,L011xL043,3.323294844541096
2_AN_LN,L011xL046,8.0454411779415
2_AN_LN,L011xL048,6.826667545453011
2_AN_LN,L011xL049,8.129955278758448
2_AN_LN,L011xL056,3.460897431453011
2_AN_LN,L011xL058,6.927341366200672
2_AN_LN,L012xL007B,7.905463315591737
2_AN_LN,L012xL013,5.517278288678522
2_AN_LN,L012xL018,7.147237361158508
2_AN_LN,L012xL029,3.530882682158507
2_AN_LN,L012xL033,5.171431299208464
2_AN_LN,L012xL037,5.105726829443178
2_AN_LN,L012xL041,6.162204038711386
2_AN_LN,L012xL042,4.397872772789347
2_AN_LN,L012xL046,7.462461025758447
2_AN_LN,L012xL048,6.014778176612399
2_AN_LN,L012xL058,7.171241695782183
2_AN_LN,L013xL015,5.49959774897657
2_AN_LN,L013xL019,9.202133973656364
2_AN_LN,L013xL023,7.397421475886975
2_AN_LN,L013xL024,8.569050347208464
2_AN_LN,L013xL029,8.472754603158506
2_AN_LN,L013xL031,7.208116111256627
2_AN_LN,L013xL032,8.609552773443179
2_AN_LN,L013xL033,4.701237047953223
2_AN_LN,L013xL034,5.834888928951922
2_AN_LN,L013xL035,6.0075138887228885
2_AN_LN,L013xL037,7.081626495453011
2_AN_LN,L013xL038,8.326112043763896
2_AN_LN,L013xL039,7.740164479136435
2_AN_LN,L013xL044,6.288421212789347
2_AN_LN,L013xL045,8.755808931443179
2_AN_LN,L013xL046,7.367917813307684
2_AN_LN,L013xL047,5.74535118850117
2_AN_LN,L013xL048,8.282221107710624
2_AN_LN,L013xL054,10.059035561710624
2_AN_LN,L013xL055,6.442242369574746
2_AN_LN,L014xL016,6.680076953093619
2_AN_LN,L014xL017,6.003333649782183
2_AN_LN,L014xL018,8.235613797154745
2_AN_LN,L014xL023,5.8606775937106255
2_AN_LN,L014xL026,5.053468364763895
2_AN_LN,L014xL029,5.985224402208464
2_AN_LN,L014xL032,9.15554588243318
2_AN_LN,L014xL034,5.893720180656364
2_AN_LN,L014xL037,5.9547128218230725
2_AN_LN,L014xL038,7.208390568523449
2_AN_LN,L014xL044,8.207053277724413
2_AN_LN,L014xL045,6.740208316093619
2_AN_LN,L014xL046,6.054854779541096
2_AN_LN,L014xL047,4.938810255724413
2_AN_LN,L014xL055,6.385312718724413
2_AN_LN,L014xL056,7.371002039461896
2_AN_LN,L014xL058,6.671729916926031
2_AN_LN,L015xL007B,7.709315864953222
2_AN_LN,L015xL016,7.297583774789347
2_AN_LN,L015xL017,2.692982363711386
2_AN_LN,L015xL018,5.274434962200671
2_AN_LN,L015xL023,5.915445169823072
2_AN_LN,L015xL025,6.245687292279281
2_AN_LN,L015xL028,6.570737097200672
2_AN_LN,L015xL029,6.9520158938869745
2_AN_LN,L015xL031,4.682600075724413
2_AN_LN,L015xL033,6.355684173208465
2_AN_LN,L015xL037,5.420443665782183
2_AN_LN,L015xL041,6.011520703823072
2_AN_LN,L015xL042,6.4461961019197735
2_AN_LN,L015xL043,7.5197085026785215
2_AN_LN,L015xL044,7.3650278887729295
2_AN_LN,L015xL045,4.314479044304609
2_AN_LN,L015xL046,5.522347584886974
2_AN_LN,L015xL047,3.7067696422566265
2_AN_LN,L015xL049,7.756496815541096
2_AN_LN,L015xL055,5.745928629453011
2_AN_LN,L015xL056,8.202627654461896
2_AN_LN,L015xL058,6.237620135230724
2_AN_LN,L016xL014C,7.881861538941499
2_AN_LN,L016xL017,8.06518056703267
2_AN_LN,L016xL019,5.792986073789346
2_AN_LN,L016xL025,7.1670423691547445
2_AN_LN,L016xL026,7.540149248200672
2_AN_LN,L016xL031,7.258659378279281
2_AN_LN,L016xL032,9.920115823453012
2_AN_LN,L016xL034,5.6742181835011705
2_AN_LN,L016xL038,7.6365943487228884
2_AN_LN,L016xL042,4.5671618410317265
2_AN_LN,L016xL043,5.715634651041703
2_AN_LN,L016xL045,8.661076121951922
2_AN_LN,L016xL046,7.6592358992307235
2_AN_LN,L016xL047,4.759674060041704
2_AN_LN,L016xL049,6.438095553060315
2_AN_LN,L016xL055,7.639938481453011
2_AN_LN,L016xL056,8.337651361886975
2_AN_LN,L017xL014C,6.139704830461896
2_AN_LN,L017xL018,6.924528305304609
2_AN_LN,L017xL023,5.420021940953222
2_AN_LN,L017xL029,8.059500752722888
2_AN_LN,L017xL032,9.206719127307684
2_AN_LN,L017xL034,4.778031021200672
2_AN_LN,L017xL037,6.685248416420639
2_AN_LN,L017xL043,8.31696199752345
2_AN_LN,L017xL045,7.055297677420639
2_AN_LN,L017xL046,6.362249865136435
2_AN_LN,L017xL047,4.327148705279281
2_AN_LN,L017xL048,4.81570039235916
2_AN_LN,L017xL049,6.01166755135916
2_AN_LN,L017xL055,5.774499495782183
2_AN_LN,L017xL056,9.884462457443178
2_AN_LN,L018xL007B,7.137652767453011
2_AN_LN,L018xL014B,7.636796063154745
2_AN_LN,L018xL024,7.8888135397244135
2_AN_LN,L018xL025,4.296173528886975
2_AN_LN,L018xL027,10.446354959136434
2_AN_LN,L018xL032,6.150151852678522
2_AN_LN,L018xL033,6.232508379574747
2_AN_LN,L018xL038,6.834504803919773
2_AN_LN,L018xL039,3.750590897523449
2_AN_LN,L018xL041,8.758958880722888
2_AN_LN,L018xL044,8.997753138208463
2_AN_LN,L018xL046,6.916873989711386
2_AN_LN,L018xL055,9.002701975041703
2_AN_LN,L018xL056,5.838188112541096
2_AN_LN,L019xL014B,1.29187517977293
2_AN_LN,L019xL024,7.457442587453011
2_AN_LN,L019xL027,6.39090564735916
2_AN_LN,L019xL028,3.9624182462566266
2_AN_LN,L019xL029,1.9646800781364349
2_AN_LN,L019xL031,6.276781925782183
2_AN_LN,L019xL032,7.80416746177293
2_AN_LN,L019xL034,7.777788876919773
2_AN_LN,L019xL035,6.404743127277086
2_AN_LN,L019xL045,8.405919216154745
2_AN_LN,L019xL058,8.398007447453011
2_AN_LN,L022xL033,7.366333594591737
2_AN_LN,L022xL044,6.140502394722888
2_AN_LN,L023xL007B,5.058736504291173
2_AN_LN,L023xL014C,7.145075356200672
2_AN_LN,L023xL024,8.057514383711386
2_AN_LN,L023xL025,3.1454038737476897
2_AN_LN,L023xL026,6.448210496060314
2_AN_LN,L023xL027,7.109395300304609
2_AN_LN,L023xL028,6.006817013031727
2_AN_LN,L023xL029,6.820948048953222
2_AN_LN,L023xL031,5.923547113060314
2_AN_LN,L023xL032,8.02849020645301
2_AN_LN,L023xL033,6.382081953612399
2_AN_LN,L023xL034,6.011246753818204
2_AN_LN,L023xL035,4.239619899789346
2_AN_LN,L023xL038,4.7243265420936185
2_AN_LN,L023xL042,4.852785362420639
2_AN_LN,L023xL043,4.045835266941499
2_AN_LN,L023xL045,6.882341969711386
2_AN_LN,L023xL046,5.5639412834618955
2_AN_LN,L023xL047,2.2620979948869753
2_AN_LN,L023xL048,5.674935050724414
2_AN_LN,L023xL054,5.342560902656364
2_AN_LN,L023xL055,7.015578905158508
2_AN_LN,L023xL056,5.486360304919773
2_AN_LN,L024xL007B,7.486562496541096
2_AN_LN,L024xL014B,6.841806636461896
2_AN_LN,L024xL014C,7.105940456304609
2_AN_LN,L024xL025,6.828198119710625
2_AN_LN,L024xL026,8.164755762711385
2_AN_LN,L024xL027,7.67478319503267
2_AN_LN,L024xL028,5.204275141279281
2_AN_LN,L024xL032,9.685506833208462
2_AN_LN,L024xL033,7.830955843823072
2_AN_LN,L024xL034,8.439165125031726
2_AN_LN,L024xL037,7.390230201782183
2_AN_LN,L024xL038,6.658803924656364
2_AN_LN,L024xL039,5.9400360403076835
2_AN_LN,L024xL044,7.771804030710625
2_AN_LN,L024xL046,3.8535426037244136
2_AN_LN,L024xL048,7.36173870950117
2_AN_LN,L024xL049,6.0009855370603145
2_AN_LN,L024xL055,9.830739791291172
2_AN_LN,L024xL056,7.396091805612399
2_AN_LN,L024xL058,8.744385108291173
2_AN_LN,L025xL014B,6.707933598031727
2_AN_LN,L025xL028,4.164124710307684
2_AN_LN,L025xL029,6.270716353711386
2_AN_LN,L025xL033,3.723871328443178
2_AN_LN,L025xL035,8.013928535678522
2_AN_LN,L025xL041,6.22231684574769
2_AN_LN,L025xL046,5.96509856997657
2_AN_LN,L025xL047,5.061035355291173
2_AN_LN,L025xL049,3.573087343782183
2_AN_LN,L025xL055,5.493678476782183
2_AN_LN,L025xL056,6.784683484461896
2_AN_LN,L026xL007B,4.3879013933076845
2_AN_LN,L026xL028,5.326056680789346
2_AN_LN,L026xL029,7.052334158041703
2_AN_LN,L026xL031,5.019530762763895
2_AN_LN,L026xL033,3.137647884279281
2_AN_LN,L026xL035,6.957247158926031
2_AN_LN,L026xL037,4.6915353509765705
2_AN_LN,L026xL038,6.97803281477293
2_AN_LN,L026xL039,6.071563603763895
2_AN_LN,L026xL044,6.598936745678522
2_AN_LN,L026xL045,3.4976332722307246
2_AN_LN,L026xL046,7.195946734279281
2_AN_LN,L026xL048,7.965194613926031
2_AN_LN,L026xL049,5.900197359060314
2_AN_LN,L027xL031,5.5528818209765705
2_AN_LN,L027xL032,6.559556501612399
2_AN_LN,L027xL034,8.962627654461896
2_AN_LN,L027xL035,3.994740819591737
2_AN_LN,L027xL037,7.677311514256627
2_AN_LN,L027xL038,7.579487092443179
2_AN_LN,L027xL042,5.390028176591737
2_AN_LN,L027xL048,8.815799020574746
2_AN_LN,L027xL049,7.661147061541096
2_AN_LN,L027xL054,7.564631414291173
2_AN_LN,L027xL055,8.849792314926031
2_AN_LN,L027xL056,9.970290420093619
2_AN_LN,L028xL034,5.86089156903267
2_AN_LN,L028xL042,6.510798902291173
2_AN_LN,L028xL045,8.617076502656364
2_AN_LN,L028xL049,6.259726892941499
2_AN_LN,L028xL054,7.14213112752345
2_AN_LN,L028xL055,8.23043326152345
2_AN_LN,L029xL007B,7.042854738453011
2_AN_LN,L029xL014B,9.54150003192603
2_AN_LN,L029xL014C,6.434476659420639
2_AN_LN,L029xL033,5.682961513279281
2_AN_LN,L029xL034,7.009723321041704
2_AN_LN,L029xL035,5.952350865941499
2_AN_LN,L029xL038,9.592184305461895
2_AN_LN,L029xL039,8.160383644443177
2_AN_LN,L029xL041,6.989950590612399
2_AN_LN,L029xL042,6.369626000763895
2_AN_LN,L029xL043,8.14126923703267
2_AN_LN,L029xL047,4.792669866307683
2_AN_LN,L029xL048,5.547967556461896
2_AN_LN,L031xL032,7.054126050758448
2_AN_LN,L031xL034,5.172391230711386
2_AN_LN,L031xL035,6.894146873724414
2_AN_LN,L031xL039,7.841936929656364
2_AN_LN,L031xL042,5.755601579953222
2_AN_LN,L031xL049,4.764164119307684
2_AN_LN,L031xL058,9.576971936612399
2_AN_LN,L032xL007B,5.930859372951922
2_AN_LN,L032xL014B,7.214900261711386
2_AN_LN,L032xL014C,7.045051081823072
2_AN_LN,L032xL033,4.559650507591737
2_AN_LN,L032xL034,10.210193030158507
2_AN_LN,L032xL035,6.679790894710625
2_AN_LN,L032xL037,8.479946721158507
2_AN_LN,L032xL038,8.835171219818204
2_AN_LN,L032xL039,10.391776598307684
2_AN_LN,L032xL042,5.32504919374769
2_AN_LN,L032xL043,5.749168409279281
2_AN_LN,L032xL044,8.453255590710626
2_AN_LN,L032xL045,7.640530639591737
2_AN_LN,L032xL046,11.916742133722888
2_AN_LN,L032xL047,5.818250374678522
2_AN_LN,L032xL049,5.829822634772929
2_AN_LN,L032xL058,8.257361841953223
2_AN_LN,L033xL007B,6.118097966208464
2_AN_LN,L033xL034,7.396203182304609
2_AN_LN,L033xL035,7.509674792307684
2_AN_LN,L033xL037,5.811940802307684
2_AN_LN,L033xL038,4.535349102574746
2_AN_LN,L033xL041,4.901296160953222
2_AN_LN,L033xL043,5.4492577737729295
2_AN_LN,L033xL046,5.735543939711386
2_AN_LN,L033xL047,6.480953253291173
2_AN_LN,L033xL048,5.31151393177293
2_AN_LN,L033xL049,4.8538127233076835
2_AN_LN,L033xL054,7.004320784951922
2_AN_LN,L033xL056,8.644543291093619
2_AN_LN,L034xL007B,6.337457218724413
2_AN_LN,L034xL014C,4.930260293789346
2_AN_LN,L034xL038,3.258139396200672
2_AN_LN,L034xL039,6.0830095281547445
2_AN_LN,L034xL042,5.6768307216124
2_AN_LN,L034xL043,6.76650733203267
2_AN_LN,L034xL044,7.271094065420639
2_AN_LN,L034xL045,6.6233015802307245
2_AN_LN,L034xL046,6.917849208136435
2_AN_LN,L034xL047,5.167368724158508
2_AN_LN,L034xL048,3.9995755380417037
2_AN_LN,L034xL049,7.61494578777293
2_AN_LN,L034xL055,7.244657283420639
2_AN_LN,L034xL058,4.768117506279281
2_AN_LN,L035xL007B,5.395309290951922
2_AN_LN,L035xL014B,6.40721679597657
2_AN_LN,L035xL014C,6.5922868832566275
2_AN_LN,L035xL037,6.438569462154745
2_AN_LN,L035xL038,5.361416219678522
2_AN_LN,L035xL041,5.933578444818204
2_AN_LN,L035xL045,7.556227856758447
2_AN_LN,L035xL046,6.553929005758448
2_AN_LN,L035xL047,5.791170384758448
2_AN_LN,L035xL056,7.474078097279281
2_AN_LN,L035xL058,4.843585296724413
2_AN_LN,L037xL007B,6.772378837256627
2_AN_LN,L037xL038,6.970687689154745
2_AN_LN,L037xL039,5.268918819031727
2_AN_LN,L037xL041,3.1093129080317263
2_AN_LN,L037xL045,5.519277901461896
2_AN_LN,L037xL046,7.063532928158508
2_AN_LN,L037xL048,5.072403124041704
2_AN_LN,L037xL049,6.91498679574769
2_AN_LN,L037xL055,5.182222527926031
2_AN_LN,L037xL056,10.141050374886975
2_AN_LN,L037xL058,7.72249185435916
2_AN_LN,L038xL042,1.2061556691547446
2_AN_LN,L038xL043,6.642081312926031
2_AN_LN,L038xL045,5.727434488574747
2_AN_LN,L038xL046,7.892245713443177
2_AN_LN,L038xL048,6.470263814230724
2_AN_LN,L038xL049,7.474915340433181
2_AN_LN,L038xL054,5.772449266574746
2_AN_LN,L038xL055,2.743234575523449
2_AN_LN,L038xL056,7.855309624031727
2_AN_LN,L038xL058,7.821047026443178
2_AN_LN,L039xL041,7.42108861303267
2_AN_LN,L039xL042,4.236513734093618
2_AN_LN,L039xL043,7.091532607951922
2_AN_LN,L039xL044,9.920312861291173
2_AN_LN,L039xL045,6.446742131722888
2_AN_LN,L039xL046,5.599172329307684
2_AN_LN,L039xL049,10.865908476711384
2_AN_LN,L039xL056,4.137705853093618
2_AN_LN,L039xL058,6.677096324208464
2_AN_LN,L041xL007B,6.0581973201364345
2_AN_LN,L041xL014C,5.069610270710625
2_AN_LN,L041xL046,5.310526916200672
2_AN_LN,L041xL047,5.9256682243076835
2_AN_LN,L041xL058,4.704963488758448
2_AN_LN,L042xL007B,4.809490052433182
2_AN_LN,L042xL043,2.5436989407106254
2_AN_LN,L042xL045,6.530997706574746
2_AN_LN,L042xL046,5.61966974350117
2_AN_LN,L042xL047,4.218378743710625
2_AN_LN,L042xL049,7.522192850724413
2_AN_LN,L043xL007B,6.329552773443178
2_AN_LN,L043xL014B,6.893248874277085
2_AN_LN,L043xL014C,7.276866274031727
2_AN_LN,L043xL044,6.3983701844331815
2_AN_LN,L043xL048,6.18923806977293
2_AN_LN,L043xL049,4.84456301150117
2_AN_LN,L043xL054,6.633978266758447
2_AN_LN,L043xL055,5.350016735060314
2_AN_LN,L043xL056,7.150316440256627
2_AN_LN,L043xL058,5.976873741823072
2_AN_LN,L044xL007B,7.88129973535916
2_AN_LN,L044xL014C,6.567860688591737
2_AN_LN,L044xL025,4.082739788291173
2_AN_LN,L044xL045,6.9812094585410955
2_AN_LN,L044xL046,4.792661186230724
2_AN_LN,L044xL047,7.442393658304609
2_AN_LN,L044xL048,5.444916640763895
2_AN_LN,L044xL049,8.510222500041703
2_AN_LN,L044xL055,8.28511579592603
2_AN_LN,L044xL056,8.37993060430461
2_AN_LN,L044xL058,7.83520121335916
2_AN_LN,L045xL007B,5.38447595452345
2_AN_LN,L045xL014B,6.920804873136435
2_AN_LN,L045xL046,8.041728496710626
2_AN_LN,L045xL047,9.792983841591736
2_AN_LN,L045xL048,5.131230611433182
2_AN_LN,L045xL049,6.621056416951922
2_AN_LN,L045xL054,7.352173112919774
2_AN_LN,L045xL055,8.950140021818203
2_AN_LN,L045xL056,12.936925194433183
2_AN_LN,L046xL007B,7.33514783097657
2_AN_LN,L046xL014C,3.6028627954331816
2_AN_LN,L046xL047,2.854735102941499
2_AN_LN,L046xL048,1.8525836547244134
2_AN_LN,L046xL054,5.614568541461896
2_AN_LN,L046xL055,4.551156872453011
2_AN_LN,L046xL058,7.226796835818204
2_AN_LN,L047xL007B,5.193058546710625
2_AN_LN,L047xL014C,3.4286608836785217
2_AN_LN,L047xL049,6.153904088656364
2_AN_LN,L047xL055,5.81865168150117
2_AN_LN,L048xL007B,7.613986433304609
2_AN_LN,L048xL014C,5.336309872256627
2_AN_LN,L048xL056,9.77852542577293
2_AN_LN,L048xL058,6.150799449093618
2_AN_LN,L049xL014B,5.571089368919774
2_AN_LN,L049xL054,6.320544101951922
2_AN_LN,L054xL007B,9.934892744886975
2_AN_LN,L054xL055,3.827418126443178
2_AN_LN,L055xL007B,8.377910596158507
2_AN_LN,L055xL014C,5.75598733242064
2_AN_LN,L055xL056,6.246725958823072
2_AN_LN,L055xL058,7.44337855335916
2_AN_LN,L056xL007B,7.206899279208464
2_AN_LN,L056xL047,7.104366900433182
2_AN_LN,L058xL007B,10.134667920758448
2_AN_LN,L058xL014C,6.734887619541096
2_AN_IN,L001xL002,11.361720282463555
2_AN_IN,L001xL003,5.288767458411699
2_AN_IN,L001xL005,7.770190262184321
2_AN_IN,L001xL014C,6.77566847973212
2_AN_IN,L001xL023,4.706104871606935
2_AN_IN,L001xL034,7.927794177927694
2_AN_IN,L001xL038,6.589932418794272
2_AN_IN,L001xL039,7.133973976070611
2_AN_IN,L001xL046,8.21352773642782
2_AN_IN,L001xL056,7.987878275184321
2_AN_IN,L002xL003,8.562351981443337
2_AN_IN,L002xL008,9.977910298742078
2_AN_IN,L002xL010,11.164238497376864
2_AN_IN,L002xL014,11.681755710312453
2_AN_IN,L002xL014C,6.6473668174278195
2_AN_IN,L002xL015,7.51265088203811
2_AN_IN,L002xL016,8.947530732974537
2_AN_IN,L002xL017,8.401703955273073
2_AN_IN,L002xL019,9.047432210974536
2_AN_IN,L002xL022,7.146192230762368
2_AN_IN,L002xL023,6.144294551411699
2_AN_IN,L002xL029,11.745094781080047
2_AN_IN,L002xL031,11.100064410312452
2_AN_IN,L002xL034,6.1132980524105935
2_AN_IN,L002xL038,9.67075903410635
2_AN_IN,L002xL041,9.021225313974536
2_AN_IN,L002xL045,9.618873362413542
2_AN_IN,L002xL056,12.742349033056945
2_AN_IN,L003xL005,6.926217419965365
2_AN_IN,L003xL006,7.699748200927694
2_AN_IN,L003xL007,7.381726974326343
2_AN_IN,L003xL008,6.981993755712977
2_AN_IN,L003xL010,6.830343237584033
2_AN_IN,L003xL011,7.504673487455121
2_AN_IN,L003xL013,7.914665137762368
2_AN_IN,L003xL014B,8.510718734273071
2_AN_IN,L003xL015,5.846828660927694
2_AN_IN,L003xL023,4.255033683685618
2_AN_IN,L003xL026,5.780115862056945
2_AN_IN,L003xL028,5.871186377188127
2_AN_IN,L003xL029,7.506699842819282
2_AN_IN,L003xL031,7.725287772106349
2_AN_IN,L003xL034,7.771832984809965
2_AN_IN,L003xL039,6.360455452742078
2_AN_IN,L003xL041,7.583003658312452
2_AN_IN,L003xL042,4.509512828066782
2_AN_IN,L003xL043,6.361769895606935
2_AN_IN,L003xL044,8.257810609702874
2_AN_IN,L003xL045,5.727793927520037
2_AN_IN,L003xL047,4.356642224221325
2_AN_IN,L003xL048,5.492874628089344
2_AN_IN,L003xL049,6.3501402004116985
2_AN_IN,L003xL056,11.69639755529689
2_AN_IN,L005xL006,6.215543763070611
2_AN_IN,L005xL007,7.608840096806884
2_AN_IN,L005xL008,9.551321994866184
2_AN_IN,L005xL014C,6.421044808723879
2_AN_IN,L005xL015,4.656410330334623
2_AN_IN,L005xL017,9.708874740984491
2_AN_IN,L005xL024,8.770038167376864
2_AN_IN,L005xL035,4.433561950312453
2_AN_IN,L005xL038,6.315301135427819
2_AN_IN,L005xL039,6.073111846221325
2_AN_IN,L005xL041,5.366093134984491
2_AN_IN,L005xL044,6.765034732070611
2_AN_IN,L005xL045,7.057771299080048
2_AN_IN,L005xL046,6.203131971742078
2_AN_IN,L005xL047,6.0788973954105945
2_AN_IN,L005xL048,7.798116985376862
2_AN_IN,L005xL055,3.7759157980800477
2_AN_IN,L005xL056,7.324340859883883
2_AN_IN,L006xL007,5.810223988965365
2_AN_IN,L006xL007B,4.477089834273072
2_AN_IN,L006xL011,6.316173607572123
2_AN_IN,L006xL013,7.821092142221325
2_AN_IN,L006xL014C,5.3090925627420775
2_AN_IN,L006xL015,7.525193915866183
2_AN_IN,L006xL016,8.32293292945512
2_AN_IN,L006xL018,6.806773123747126
2_AN_IN,L006xL022,6.713589963809966
2_AN_IN,L006xL023,7.0353706389844914
2_AN_IN,L006xL025,4.875011675296889
2_AN_IN,L006xL026,8.017867585222922
2_AN_IN,L006xL029,10.335926164584034
2_AN_IN,L006xL031,9.779797468702872
2_AN_IN,L006xL033,7.570079460427819
2_AN_IN,L006xL034,5.738840521413541
2_AN_IN,L006xL037,5.707495318089344
2_AN_IN,L006xL038,4.3635682998661824
2_AN_IN,L006xL039,7.053179653965365
2_AN_IN,L006xL041,6.515642285070611
2_AN_IN,L006xL042,7.81761295372388
2_AN_IN,L006xL049,7.902485863334623
2_AN_IN,L006xL054,5.704153903572123
2_AN_IN,L006xL058,8.061803598427819
2_AN_IN,L007xL008,9.532353995883883
2_AN_IN,L007xL010,9.876262410759448
2_AN_IN,L007xL011,5.968968353326343
2_AN_IN,L007xL012,8.564882286066783
2_AN_IN,L007xL014B,10.179313181326343
2_AN_IN,L007xL015,9.979408419572124
2_AN_IN,L007xL017,9.711869481410595
2_AN_IN,L007xL019,4.765917213883883
2_AN_IN,L007xL027,4.640531220685618
2_AN_IN,L007xL031,8.791566323334624
2_AN_IN,L007xL033,8.140339344702873
2_AN_IN,L007xL034,8.219432178712976
2_AN_IN,L007xL037,6.694718527883883
2_AN_IN,L007xL038,5.863822182273072
2_AN_IN,L007xL044,9.001607605584034
2_AN_IN,L007xL046,6.898926357070611
2_AN_IN,L007xL048,6.9866233478068835
2_AN_IN,L007xL049,9.190256338296889
2_AN_IN,L007xL058,7.167464948455121
2_AN_IN,L008xL011,4.566755135413541
2_AN_IN,L008xL012,8.767174107584033
2_AN_IN,L008xL013,8.29851952642782
2_AN_IN,L008xL014C,8.190957462866184
2_AN_IN,L008xL015,6.03933709072388
2_AN_IN,L008xL016,10.321960385413542
2_AN_IN,L008xL017,8.247841349411699
2_AN_IN,L008xL018,8.254564914814186
2_AN_IN,L008xL023,6.724280231702872
2_AN_IN,L008xL024,9.255170824584035
2_AN_IN,L008xL025,5.148306262410594
2_AN_IN,L008xL026,7.474624798520037
2_AN_IN,L008xL027,7.165546320273072
2_AN_IN,L008xL029,8.269656353984491
2_AN_IN,L008xL032,10.844903946520038
2_AN_IN,L008xL033,6.86859505303811
2_AN_IN,L008xL034,10.318538638814184
2_AN_IN,L008xL035,8.825048255038109
2_AN_IN,L008xL037,7.693591723222921
2_AN_IN,L008xL039,8.063618737759448
2_AN_IN,L008xL041,7.593733305883883
2_AN_IN,L008xL042,7.7956921215200365
2_AN_IN,L008xL043,6.314201155188127
2_AN_IN,L008xL045,7.124259765712977
2_AN_IN,L008xL046,9.388571759819282
2_AN_IN,L008xL047,7.987882108819283
2_AN_IN,L008xL049,9.633438897723881
2_AN_IN,L010xL007B,8.978986406080047
2_AN_IN,L010xL011,8.722867819520038
2_AN_IN,L010xL013,9.157855824712977
2_AN_IN,L010xL014,8.071119421326342
2_AN_IN,L010xL014C,7.053374108747126
2_AN_IN,L010xL019,7.350203411413542
2_AN_IN,L010xL022,6.1829954088192824
2_AN_IN,L010xL023,6.6581712448099655
2_AN_IN,L010xL027,8.542811751443336
2_AN_IN,L010xL029,7.664181709702873
2_AN_IN,L010xL034,7.912509674427819
2_AN_IN,L010xL038,7.185478906927694
2_AN_IN,L010xL039,6.022211254927694
2_AN_IN,L010xL041,6.420410061572123
2_AN_IN,L010xL042,5.371931389974536
2_AN_IN,L010xL043,5.934525924809964
2_AN_IN,L010xL045,9.985205308814185
2_AN_IN,L010xL046,7.1025978717321205
2_AN_IN,L010xL048,7.142348165814185
2_AN_IN,L010xL049,9.364985559819283
2_AN_IN,L010xL055,8.573232371410594
2_AN_IN,L010xL056,12.030453446070611
2_AN_IN,L010xL058,9.524492163326343
2_AN_IN,L011xL012,8.527992398742079
2_AN_IN,L011xL013,6.214689907455122
2_AN_IN,L011xL015,6.567324066443335
2_AN_IN,L011xL016,5.580525868106349
2_AN_IN,L011xL018,9.174493083809965
2_AN_IN,L011xL022,8.328227272965366
2_AN_IN,L011xL023,5.588482280273072
2_AN_IN,L011xL024,7.133649669089344
2_AN_IN,L011xL029,7.102175422747126
2_AN_IN,L011xL033,5.9954780854551215
2_AN_IN,L011xL037,6.72159997903811
2_AN_IN,L011xL038,7.1387559794278195
2_AN_IN,L011xL043,6.6446651377623684
2_AN_IN,L011xL046,7.615271352106348
2_AN_IN,L011xL048,6.073365726326343
2_AN_IN,L011xL049,7.264649798326343
2_AN_IN,L011xL056,4.171774319056945
2_AN_IN,L011xL058,7.815968989221325
2_AN_IN,L012xL007B,10.700964716685617
2_AN_IN,L012xL013,8.007962746066783
2_AN_IN,L012xL018,7.694001074927694
2_AN_IN,L012xL029,8.568140996606935
2_AN_IN,L012xL033,9.238479295334624
2_AN_IN,L012xL037,5.765581655312452
2_AN_IN,L012xL041,9.788467428702873
2_AN_IN,L012xL042,7.539804136984492
2_AN_IN,L012xL046,7.352316190056945
2_AN_IN,L012xL048,4.339825765334623
2_AN_IN,L012xL058,8.832307435312453
2_AN_IN,L013xL015,6.205199041974536
2_AN_IN,L013xL019,7.957633027410594
2_AN_IN,L013xL023,5.957624374376863
2_AN_IN,L013xL024,10.568428967376864
2_AN_IN,L013xL029,8.341088212080047
2_AN_IN,L013xL031,7.775101994221325
2_AN_IN,L013xL032,7.5737681977471265
2_AN_IN,L013xL033,10.55286060073212
2_AN_IN,L013xL034,11.021622995556342
2_AN_IN,L013xL035,5.696679325273072
2_AN_IN,L013xL037,9.095221496334624
2_AN_IN,L013xL038,6.799516441685618
2_AN_IN,L013xL039,9.9617658194117
2_AN_IN,L013xL044,9.340525789819283
2_AN_IN,L013xL045,8.848670870056946
2_AN_IN,L013xL046,6.437590076443335
2_AN_IN,L013xL047,5.483218864723879
2_AN_IN,L013xL048,8.587925551702874
2_AN_IN,L013xL054,8.332032156883882
2_AN_IN,L013xL055,7.516484452584034
2_AN_IN,L014xL016,7.977701565106348
2_AN_IN,L014xL017,8.03142247672388
2_AN_IN,L014xL018,10.35314349703811
2_AN_IN,L014xL023,6.140537573411699
2_AN_IN,L014xL026,9.156009906814186
2_AN_IN,L014xL029,6.173285826762368
2_AN_IN,L014xL032,9.119392500814184
2_AN_IN,L014xL034,7.908910773702872
2_AN_IN,L014xL037,7.377877456742078
2_AN_IN,L014xL038,6.564949451974536
2_AN_IN,L014xL044,6.3506622530667824
2_AN_IN,L014xL045,5.1177269743263425
2_AN_IN,L014xL046,5.177054436070611
2_AN_IN,L014xL047,5.181268479188127
2_AN_IN,L014xL055,6.348824123334623
2_AN_IN,L014xL056,10.849037140806884
2_AN_IN,L014xL058,9.07711632167237
2_AN_IN,L015xL007B,8.034242842334622
2_AN_IN,L015xL016,9.242422845685617
2_AN_IN,L015xL017,4.90168208103811
2_AN_IN,L015xL018,8.833715470080048
2_AN_IN,L015xL023,6.722678273762368
2_AN_IN,L015xL025,5.077783586819282
2_AN_IN,L015xL028,6.666941495742078
2_AN_IN,L015xL029,10.40833720322292
2_AN_IN,L015xL031,7.137111081089344
2_AN_IN,L015xL033,7.019710317883883
2_AN_IN,L015xL037,7.101707454672372
2_AN_IN,L015xL041,7.165790292809966
2_AN_IN,L015xL042,7.178729735965365
2_AN_IN,L015xL043,6.698739743188127
2_AN_IN,L015xL044,6.180594587732121
2_AN_IN,L015xL045,8.401143681520038
2_AN_IN,L015xL046,6.866038357222921
2_AN_IN,L015xL047,2.9730765498068834
2_AN_IN,L015xL049,6.967864905572123
2_AN_IN,L015xL055,7.32656380822292
2_AN_IN,L015xL056,10.959155783184322
2_AN_IN,L015xL058,10.895413228927694
2_AN_IN,L016xL014C,4.655556471334623
2_AN_IN,L016xL017,7.995693339376863
2_AN_IN,L016xL019,7.700959272712977
2_AN_IN,L016xL025,5.277760736723879
2_AN_IN,L016xL026,6.564102129712977
2_AN_IN,L016xL031,6.808806753066782
2_AN_IN,L016xL032,8.643067909443337
2_AN_IN,L016xL034,7.041028988927694
2_AN_IN,L016xL038,6.413352774672372
2_AN_IN,L016xL042,5.433256558376862
2_AN_IN,L016xL043,8.411439247520038
2_AN_IN,L016xL045,8.158131835809964
2_AN_IN,L016xL046,7.566644763702873
2_AN_IN,L016xL047,7.71742920803811
2_AN_IN,L016xL049,7.280129462794273
2_AN_IN,L016xL055,7.991509431376863
2_AN_IN,L016xL056,9.139103137759447
2_AN_IN,L017xL014C,7.215935684747126
2_AN_IN,L017xL018,7.104598117106349
2_AN_IN,L017xL023,7.784042863732121
2_AN_IN,L017xL029,7.615490705672372
2_AN_IN,L017xL032,12.09701267098449
2_AN_IN,L017xL034,5.60245871822292
2_AN_IN,L017xL037,8.09392793129689
2_AN_IN,L017xL043,7.867357502984492
2_AN_IN,L017xL045,6.948176714806884
2_AN_IN,L017xL046,5.446726865702872
2_AN_IN,L017xL047,6.16958027503811
2_AN_IN,L017xL048,5.5952225940569456
2_AN_IN,L017xL049,7.0570710808099655
2_AN_IN,L017xL055,7.912507789376863
2_AN_IN,L017xL056,8.135715205056945
2_AN_IN,L018xL007B,8.46959295629689
2_AN_IN,L018xL014B,6.966895284312453
2_AN_IN,L018xL024,6.56433843073212
2_AN_IN,L018xL025,3.850591186814185
2_AN_IN,L018xL027,8.414856832759448
2_AN_IN,L018xL032,9.921570868702874
2_AN_IN,L018xL033,6.967794797584034
2_AN_IN,L018xL038,8.215674663184322
2_AN_IN,L018xL039,6.65359997903811
2_AN_IN,L018xL041,8.247384827222922
2_AN_IN,L018xL044,8.162337633806883
2_AN_IN,L018xL046,9.673817480794272
2_AN_IN,L018xL055,6.960960129984492
2_AN_IN,L018xL056,10.267639579188128
2_AN_IN,L019xL014B,1.7153581188661828
2_AN_IN,L019xL024,8.497131876066783
2_AN_IN,L019xL027,9.451994798747126
2_AN_IN,L019xL028,7.065768873376863
2_AN_IN,L019xL029,5.065488869080047
2_AN_IN,L019xL031,8.337374572221325
2_AN_IN,L019xL032,11.164850355606935
2_AN_IN,L019xL034,8.456374969443337
2_AN_IN,L019xL035,7.726357338806884
2_AN_IN,L019xL045,11.308898244584034
2_AN_IN,L019xL058,10.660055625413541
2_AN_IN,L022xL033,8.759867150866183
2_AN_IN,L022xL044,6.076320309762368
2_AN_IN,L023xL007B,7.247055261927694
2_AN_IN,L023xL014C,6.8948606760706115
2_AN_IN,L023xL024,10.250409706685618
2_AN_IN,L023xL025,3.968762377809965
2_AN_IN,L023xL026,4.067464948455122
2_AN_IN,L023xL027,7.7913758076069355
2_AN_IN,L023xL028,8.839900904463555
2_AN_IN,L023xL029,6.170901219794272
2_AN_IN,L023xL031,10.044004670794271
2_AN_IN,L023xL032,8.484216271273072
2_AN_IN,L023xL033,6.5447354533346225
2_AN_IN,L023xL034,6.426169720222921
2_AN_IN,L023xL035,7.101829009606935
2_AN_IN,L023xL038,5.5319246377321205
2_AN_IN,L023xL042,4.156398197520037
2_AN_IN,L023xL043,3.4424694214135423
2_AN_IN,L023xL045,5.540141886965365
2_AN_IN,L023xL046,6.360190948809965
2_AN_IN,L023xL047,3.5250914929844916
2_AN_IN,L023xL048,4.350595783747126
2_AN_IN,L023xL054,5.26865331618432
2_AN_IN,L023xL055,6.947093285759449
2_AN_IN,L023xL056,7.915602808296889
2_AN_IN,L024xL007B,7.653181692463555
2_AN_IN,L024xL014B,7.145009964762368
2_AN_IN,L024xL014C,9.177771912866184
2_AN_IN,L024xL025,6.557275400984492
2_AN_IN,L024xL026,6.61536024203811
2_AN_IN,L024xL027,6.53157980973212
2_AN_IN,L024xL028,9.289918483443337
2_AN_IN,L024xL032,10.688155176520038
2_AN_IN,L024xL033,9.69690863322292
2_AN_IN,L024xL034,7.387401673806884
2_AN_IN,L024xL037,7.662561003463555
2_AN_IN,L024xL038,5.147481365070611
2_AN_IN,L024xL039,7.008276447443336
2_AN_IN,L024xL044,6.668949150814185
2_AN_IN,L024xL046,8.962703044455122
2_AN_IN,L024xL048,6.991050455572123
2_AN_IN,L024xL049,6.582625357794273
2_AN_IN,L024xL055,9.003659822747126
2_AN_IN,L024xL056,8.299874941672371
2_AN_IN,L024xL058,10.079867370312453
2_AN_IN,L025xL014B,6.912224683747126
2_AN_IN,L025xL028,6.271475614089344
2_AN_IN,L025xL029,3.4314753924105936
2_AN_IN,L025xL033,2.8570747354105936
2_AN_IN,L025xL035,5.456302796556343
2_AN_IN,L025xL041,6.976384035413542
2_AN_IN,L025xL046,6.229042136702872
2_AN_IN,L025xL047,4.718297363866182
2_AN_IN,L025xL049,6.288173004222921
2_AN_IN,L025xL055,5.908407560819282
2_AN_IN,L025xL056,6.075981123188127
2_AN_IN,L026xL007B,4.975523630334623
2_AN_IN,L026xL028,7.899733512273072
2_AN_IN,L026xL029,5.441561688762368
2_AN_IN,L026xL031,6.564992375443336
2_AN_IN,L026xL033,4.047530627070611
2_AN_IN,L026xL035,4.841139394334623
2_AN_IN,L026xL037,6.17060145872388
2_AN_IN,L026xL038,8.25317031098449
2_AN_IN,L026xL039,6.65797107903811
2_AN_IN,L026xL044,4.582249643814185
2_AN_IN,L026xL045,8.242078018685618
2_AN_IN,L026xL046,9.253859119819282
2_AN_IN,L026xL048,6.719064093814185
2_AN_IN,L026xL049,9.63818766572388
2_AN_IN,L027xL031,8.22408188818432
2_AN_IN,L027xL032,8.633046165221325
2_AN_IN,L027xL034,8.070433187759448
2_AN_IN,L027xL035,6.491056229376863
2_AN_IN,L027xL037,5.242164846427819
2_AN_IN,L027xL038,6.335195091759449
2_AN_IN,L027xL042,5.115461766974536
2_AN_IN,L027xL048,8.62459811710635
2_AN_IN,L027xL049,7.448581952965365
2_AN_IN,L027xL054,7.948319640702873
2_AN_IN,L027xL055,10.658164385296889
2_AN_IN,L027xL056,8.76725898098449
2_AN_IN,L028xL034,6.252071802326343
2_AN_IN,L028xL042,4.591071792080047
2_AN_IN,L028xL045,6.49473541818432
2_AN_IN,L028xL049,5.9391216992213245
2_AN_IN,L028xL054,6.613791835312453
2_AN_IN,L028xL055,9.332767673685618
2_AN_IN,L029xL007B,5.842867244070611
2_AN_IN,L029xL014B,9.39173377618432
2_AN_IN,L029xL014C,7.492531572326343
2_AN_IN,L029xL033,8.596048132066784
2_AN_IN,L029xL034,7.163744177819282
2_AN_IN,L029xL035,6.069103137759448
2_AN_IN,L029xL038,8.349524144819283
2_AN_IN,L029xL039,6.801981369927694
2_AN_IN,L029xL041,7.828025699463556
2_AN_IN,L029xL042,7.229290421606935
2_AN_IN,L029xL043,9.190497937376863
2_AN_IN,L029xL047,5.482933000712977
2_AN_IN,L029xL048,7.220858327080047
2_AN_IN,L031xL032,7.37894476122292
2_AN_IN,L031xL034,7.993013649066782
2_AN_IN,L031xL035,6.962407579974537
2_AN_IN,L031xL039,8.244303200089343
2_AN_IN,L031xL042,8.348883469814185
2_AN_IN,L031xL049,6.711050455572123
2_AN_IN,L031xL058,7.802882400411699
2_AN_IN,L032xL007B,8.792794298326342
2_AN_IN,L032xL014B,8.565851953672372
2_AN_IN,L032xL014C,9.665345896463556
2_AN_IN,L032xL033,6.4764844525840335
2_AN_IN,L032xL034,8.494831697188127
2_AN_IN,L032xL035,10.898994502463555
2_AN_IN,L032xL037,7.924974921572123
2_AN_IN,L032xL038,7.873528787584034
2_AN_IN,L032xL039,8.901317094296889
2_AN_IN,L032xL042,7.6362986371843204
2_AN_IN,L032xL043,8.604772428965365
2_AN_IN,L032xL044,7.331740110572123
2_AN_IN,L032xL045,9.617914166572124
2_AN_IN,L032xL046,7.557608884759449
2_AN_IN,L032xL047,4.541870653312452
2_AN_IN,L032xL049,6.762259796974536
2_AN_IN,L032xL058,8.455347853794272
2_AN_IN,L033xL007B,8.012818558520038
2_AN_IN,L033xL034,7.540003454732121
2_AN_IN,L033xL035,8.06919587572388
2_AN_IN,L033xL037,6.259368658685618
2_AN_IN,L033xL038,7.265821206221325
2_AN_IN,L033xL041,6.047915199443335
2_AN_IN,L033xL043,7.388433852974536
2_AN_IN,L033xL046,9.560947180747126
2_AN_IN,L033xL047,6.18006914629689
2_AN_IN,L033xL048,5.253207854883883
2_AN_IN,L033xL049,7.276387855819283
2_AN_IN,L033xL054,6.713872564427819
2_AN_IN,L033xL056,13.003536745413541
2_AN_IN,L034xL007B,6.721685553520037
2_AN_IN,L034xL014C,6.072939661106349
2_AN_IN,L034xL038,7.443575877273072
2_AN_IN,L034xL039,8.654271048762368
2_AN_IN,L034xL042,4.375306859413541
2_AN_IN,L034xL043,7.0414904912730725
2_AN_IN,L034xL044,6.844583035762368
2_AN_IN,L034xL045,9.84292324410635
2_AN_IN,L034xL046,9.649726737883881
2_AN_IN,L034xL047,7.760841550188127
2_AN_IN,L034xL048,5.957065224080048
2_AN_IN,L034xL049,7.064604005672372
2_AN_IN,L034xL055,7.526303518794273
2_AN_IN,L034xL058,7.261114994584034
2_AN_IN,L035xL007B,7.554584735732121
2_AN_IN,L035xL014B,6.025142409326343
2_AN_IN,L035xL014C,7.808962014606935
2_AN_IN,L035xL037,6.7505308910667825
2_AN_IN,L035xL038,3.5105962148661827
2_AN_IN,L035xL041,5.83065003218432
2_AN_IN,L035xL045,10.1444915994117
2_AN_IN,L035xL046,9.575841791463555
2_AN_IN,L035xL047,6.705185330606935
2_AN_IN,L035xL056,8.181129501606936
2_AN_IN,L035xL058,8.401553152184322
2_AN_IN,L037xL007B,7.401784325927694
2_AN_IN,L037xL038,6.415690497685619
2_AN_IN,L037xL039,5.694849890883883
2_AN_IN,L037xL041,4.724312236070611
2_AN_IN,L037xL045,5.678823991759448
2_AN_IN,L037xL046,8.622908158762367
2_AN_IN,L037xL048,5.402567518806884
2_AN_IN,L037xL049,6.367550725427819
2_AN_IN,L037xL055,7.568933742089344
2_AN_IN,L037xL056,10.82539598445512
2_AN_IN,L037xL058,7.398004650747126
2_AN_IN,L038xL042,2.378300216747126
2_AN_IN,L038xL043,5.6989283597420775
2_AN_IN,L038xL045,6.949211876814185
2_AN_IN,L038xL046,6.594696577974537
2_AN_IN,L038xL048,6.479713270411699
2_AN_IN,L038xL049,7.550087985883883
2_AN_IN,L038xL054,7.087520214759449
2_AN_IN,L038xL055,6.997193038056945
2_AN_IN,L038xL056,8.644806848742078
2_AN_IN,L038xL058,6.595011046326343
2_AN_IN,L039xL041,5.8799706147321205
2_AN_IN,L039xL042,5.730357164685619
2_AN_IN,L039xL043,8.128610573672372
2_AN_IN,L039xL044,9.079891424413542
2_AN_IN,L039xL045,7.451106553334623
2_AN_IN,L039xL046,6.680854778056945
2_AN_IN,L039xL049,9.309579962712977
2_AN_IN,L039xL056,9.320660269732121
2_AN_IN,L039xL058,8.325570614188127
2_AN_IN,L041xL007B,5.901404783685618
2_AN_IN,L041xL014C,5.575238680443336
2_AN_IN,L041xL046,9.07142508641354
2_AN_IN,L041xL047,6.146974796463556
2_AN_IN,L041xL058,6.851724554106349
2_AN_IN,L042xL007B,5.481508032427819
2_AN_IN,L042xL043,4.43392793129689
2_AN_IN,L042xL045,5.057237876606935
2_AN_IN,L042xL046,6.440514914883883
2_AN_IN,L042xL047,5.094138602965365
2_AN_IN,L042xL049,8.765670351376864
2_AN_IN,L043xL007B,5.470268668806884
2_AN_IN,L043xL014B,6.331373214809965
2_AN_IN,L043xL014C,6.2456330274105945
2_AN_IN,L043xL044,8.3399595764117
2_AN_IN,L043xL048,3.3261040382229203
2_AN_IN,L043xL049,6.522592930866183
2_AN_IN,L043xL054,6.032834627723879
2_AN_IN,L043xL055,6.952118812443336
2_AN_IN,L043xL056,4.392790193312453
2_AN_IN,L043xL058,7.130038280066782
2_AN_IN,L044xL007B,8.937591533376864
2_AN_IN,L044xL014C,7.266138574427819
2_AN_IN,L044xL025,5.60903466329689
2_AN_IN,L044xL045,1.509675704188127
2_AN_IN,L044xL046,6.480019257326343
2_AN_IN,L044xL047,7.385764466056945
2_AN_IN,L044xL048,6.960334664759449
2_AN_IN,L044xL049,8.256098211759447
2_AN_IN,L044xL055,6.72925430218432
2_AN_IN,L044xL056,11.251455428443336
2_AN_IN,L044xL058,9.621417124584033
2_AN_IN,L045xL007B,4.360460355443336
2_AN_IN,L045xL014B,7.884037818584034
2_AN_IN,L045xL046,8.252030630927695
2_AN_IN,L045xL047,8.057843035965366
2_AN_IN,L045xL048,9.14706422029689
2_AN_IN,L045xL049,8.320161581556341
2_AN_IN,L045xL054,7.838675834883883
2_AN_IN,L045xL055,8.872247149410594
2_AN_IN,L045xL056,7.602632338866183
2_AN_IN,L046xL007B,7.403732861066782
2_AN_IN,L046xL014C,5.143075076080048
2_AN_IN,L046xL047,2.948455218312453
2_AN_IN,L046xL048,4.387585192411699
2_AN_IN,L046xL054,5.720601905056945
2_AN_IN,L046xL055,6.326860213184321
2_AN_IN,L046xL058,7.649687749672372
2_AN_IN,L047xL007B,4.786287408584034
2_AN_IN,L047xL014C,6.252399127762368
2_AN_IN,L047xL049,7.070318291672372
2_AN_IN,L047xL055,5.514136031794273
2_AN_IN,L048xL007B,7.1065125674551215
2_AN_IN,L048xL014C,5.231588249376863
2_AN_IN,L048xL056,8.910079661410593
2_AN_IN,L048xL058,5.669324865794272
2_AN_IN,L049xL014B,7.8287236800800475
2_AN_IN,L049xL054,6.647920918672372
2_AN_IN,L054xL007B,7.21313975429689
2_AN_IN,L054xL055,3.7045320738141854
2_AN_IN,L055xL007B,8.41598733772388
2_AN_IN,L055xL014C,7.272211546747126
2_AN_IN,L055xL056,6.945135715463556
2_AN_IN,L055xL058,7.894357700672372
2_AN_IN,L056xL007B,6.31237173603811
2_AN_IN,L056xL047,6.205269036794272
2_AN_IN,L058xL007B,6.017346206672372
2_AN_IN,L058xL014C,7.140067512221325
